{"stats":{"minecraft:dropped":{"minecraft:enchanted_book":1,"minecraft:stone_hoe":2,"minecraft:iron_ingot":142,"minecraft:wheat_seeds":1,"minecraft:stick":27,"minecraft:dirt":7,"minecraft:iron_shovel":2,"minecraft:dark_oak_planks":1,"minecraft:lily_pad":1,"minecraft:spruce_sapling":6,"minecraft:stone_shovel":1,"minecraft:rotten_flesh":1,"minecraft:diamond_shovel":3,"minecraft:stone":582,"minecraft:oak_boat":1,"minecraft:stone_bricks":57,"minecraft:arrow":27},"minecraft:crafted":{"minecraft:oak_planks":40,"minecraft:chainmail_helmet":15,"minecraft:stone_shovel":23,"minecraft:diamond_hoe":5,"minecraft:furnace":15,"minecraft:blast_furnace":14,"minecraft:stone":65,"minecraft:bone_meal":69,"minecraft:diamond_shovel":9,"minecraft:bookshelf":4,"minecraft:glass":42,"minecraft:diamond_helmet":1,"minecraft:bow":16,"minecraft:diamond_leggings":2,"minecraft:iron_boots":49,"minecraft:iron_axe":6,"minecraft:spruce_slab":144,"minecraft:iron_hoe":2,"minecraft:stone_pickaxe":31,"minecraft:diamond_boots":5,"minecraft:dark_oak_planks":4,"minecraft:stone_hoe":78,"minecraft:chainmail_leggings":24,"minecraft:crossbow":13,"minecraft:emerald":1748,"minecraft:arrow":464,"minecraft:diamond_axe":4,"minecraft:crafting_table":3,"minecraft:spruce_planks":15436,"minecraft:baked_potato":7,"minecraft:iron_helmet":1,"minecraft:chainmail_chestplate":8,"minecraft:smithing_table":19,"minecraft:fletching_table":3,"minecraft:bucket":1,"minecraft:stone_axe":16,"minecraft:air":0,"minecraft:oak_boat":2,"minecraft:lectern":4,"minecraft:iron_chestplate":15,"minecraft:diamond_pickaxe":2,"minecraft:charcoal":3,"minecraft:shield":48,"minecraft:stick":30041,"minecraft:chainmail_boots":40,"minecraft:iron_pickaxe":12,"minecraft:wooden_axe":1,"minecraft:iron_shovel":7,"minecraft:iron_leggings":1,"minecraft:composter":2,"minecraft:torch":12,"minecraft:diamond_chestplate":1},"minecraft:killed_by":{"minecraft:creeper":1},"minecraft:custom":{"minecraft:interact_with_smithing_table":5,"minecraft:mob_kills":57,"minecraft:animals_bred":5,"minecraft:inspect_hopper":6,"minecraft:interact_with_crafting_table":34,"minecraft:leave_game":1,"minecraft:time_since_death":173461,"minecraft:climb_one_cm":564,"minecraft:sprint_one_cm":383756,"minecraft:walk_one_cm":1473498,"minecraft:damage_blocked_by_shield":710,"minecraft:drop":33,"minecraft:talked_to_villager":492,"minecraft:play_time":307225,"minecraft:deaths":1,"minecraft:sneak_time":3042,"minecraft:walk_under_water_one_cm":1107,"minecraft:boat_one_cm":280685,"minecraft:jump":1389,"minecraft:walk_on_water_one_cm":21303,"minecraft:total_world_time":307225,"minecraft:interact_with_furnace":54,"tombstone:raider_killed":1,"minecraft:traded_with_villager":2198,"minecraft:interact_with_stonecutter":1,"minecraft:sleep_in_bed":10,"minecraft:time_since_rest":90204,"minecraft:damage_taken":1025,"minecraft:damage_dealt":3525,"minecraft:fly_one_cm":334689,"minecraft:open_chest":94,"minecraft:crouch_one_cm":10563,"tombstone:undead_killed":37,"minecraft:fall_one_cm":20263},"minecraft:killed":{"minecraft:witch":1,"minecraft:spider":8,"minecraft:skeleton":14,"minecraft:chicken":3,"minecraft:turtle":1,"minecraft:pig":1,"minecraft:zombie_villager":2,"minecraft:creeper":2,"minecraft:zombie":21,"minecraft:cow":1},"minecraft:used":{"minecraft:iron_bars":2,"minecraft:iron_shovel":173,"minecraft:spruce_slab":1,"minecraft:spruce_planks":2,"minecraft:shield":13,"minecraft:iron_chestplate":1,"minecraft:torch":14,"minecraft:dirt":134,"minecraft:spruce_fence":2,"minecraft:dark_oak_planks":2,"minecraft:iron_hoe":282,"minecraft:wooden_axe":59,"minecraft:iron_axe":1014,"minecraft:iron_helmet":1,"minecraft:iron_boots":1,"minecraft:furnace":1,"tombstone:gift":2,"torchmaster:megatorch":2,"minecraft:potato":476,"minecraft:water_bucket":34,"minecraft:baked_potato":25,"minecraft:oak_planks":1,"minecraft:composter":2,"minecraft:fletching_table":6,"minecraft:diamond_axe":2346,"minecraft:crafting_table":5,"minecraft:blast_furnace":14,"minecraft:crossbow":229,"minecraft:spruce_log":5,"minecraft:diamond_pickaxe":631,"minecraft:diamond_shovel":80,"minecraft:iron_pickaxe":128,"minecraft:lectern":4,"minecraft:spruce_sapling":228,"minecraft:iron_door":2,"minecraft:smithing_table":18,"minecraft:bucket":35,"minecraft:oak_boat":5,"minecraft:bone_meal":69},"minecraft:mined":{"minecraft:dark_oak_planks":18,"minecraft:spruce_planks":119,"minecraft:farmland":66,"torchmaster:megatorch":2,"minecraft:spruce_trapdoor":2,"minecraft:dark_oak_fence":24,"minecraft:spruce_fence":21,"minecraft:grass_block":143,"minecraft:spruce_leaves":51,"minecraft:pumpkin":1,"minecraft:fletching_table":3,"minecraft:bookshelf":4,"minecraft:iron_bars":4,"minecraft:stone":744,"minecraft:smithing_table":2,"minecraft:crafting_table":2,"minecraft:torch":2,"minecraft:copper_ore":8,"minecraft:oak_planks":1,"minecraft:iron_door":2,"minecraft:wall_torch":1,"minecraft:air":244,"minecraft:spruce_stairs":1,"minecraft:spruce_log":2857,"minecraft:grass":3,"minecraft:oak_log":14,"minecraft:gravel":26,"minecraft:sand":21,"minecraft:dirt":22},"minecraft:broken":{"minecraft:iron_axe":4,"minecraft:wooden_axe":1,"minecraft:iron_hoe":1},"minecraft:picked_up":{"minecraft:seagrass":2,"minecraft:crafting_table":2,"minecraft:wheat":16,"minecraft:smithing_table":3,"minecraft:enchanted_book":1,"minecraft:string":3,"minecraft:spruce_planks":205,"minecraft:beef":3,"minecraft:oak_boat":6,"minecraft:spruce_trapdoor":2,"minecraft:egg":1,"minecraft:copper_ore":8,"minecraft:stick":338,"minecraft:stone":648,"minecraft:spruce_stairs":1,"minecraft:torch":5,"minecraft:spruce_fence":23,"minecraft:porkchop":1,"tombstone:grave_dust":1,"minecraft:redstone":2,"minecraft:dark_oak_planks":20,"minecraft:arrow":31,"minecraft:rotten_flesh":14,"minecraft:iron_bars":4,"minecraft:cobblestone":128,"minecraft:dark_oak_button":1,"minecraft:lilac":1,"minecraft:iron_door":2,"minecraft:potato":1318,"minecraft:flint":4,"minecraft:oak_log":18,"minecraft:lily_pad":16,"minecraft:gunpowder":1,"minecraft:dirt":231,"minecraft:bone":28,"minecraft:bow":1,"minecraft:wheat_seeds":41,"minecraft:iron_ingot":28,"minecraft:fletching_table":3,"minecraft:glowstone_dust":1,"minecraft:oak_planks":1,"minecraft:book":12,"minecraft:pumpkin":1,"torchmaster:megatorch":2,"minecraft:poisonous_potato":8,"minecraft:gravel":22,"minecraft:sand":21,"minecraft:spruce_sapling":506,"minecraft:spruce_log":4020,"minecraft:dark_oak_log":1,"minecraft:spider_eye":3,"minecraft:emerald":258,"minecraft:oak_sapling":8,"minecraft:dark_oak_fence":24}},"DataVersion":3120}