{"stats":{"minecraft:custom":{"minecraft:interact_with_anvil":10,"minecraft:mob_kills":100,"minecraft:interact_with_crafting_table":52,"minecraft:leave_game":1,"minecraft:time_since_death":157600,"minecraft:climb_one_cm":2854,"minecraft:sprint_one_cm":709907,"minecraft:walk_one_cm":795378,"minecraft:damage_blocked_by_shield":2110,"minecraft:drop":125,"minecraft:play_noteblock":1,"minecraft:talked_to_villager":2,"minecraft:play_time":289956,"minecraft:deaths":3,"minecraft:sneak_time":7914,"minecraft:walk_under_water_one_cm":27267,"minecraft:boat_one_cm":776128,"minecraft:jump":2565,"minecraft:walk_on_water_one_cm":28195,"minecraft:total_world_time":289956,"minecraft:interact_with_furnace":51,"tombstone:raider_killed":2,"minecraft:play_record":1,"minecraft:tune_noteblock":4,"minecraft:interact_with_grindstone":1,"minecraft:sleep_in_bed":12,"minecraft:time_since_rest":1746,"minecraft:damage_taken":4135,"minecraft:damage_dealt":14449,"minecraft:fly_one_cm":516362,"minecraft:swim_one_cm":93918,"minecraft:open_chest":222,"minecraft:crouch_one_cm":20796,"tombstone:undead_killed":59,"minecraft:interact_with_smoker":36,"minecraft:fall_one_cm":52747},"minecraft:killed_by":{"minecraft:creeper":1,"minecraft:zombie":2},"minecraft:killed":{"minecraft:cave_spider":7,"minecraft:witch":2,"minecraft:spider":12,"minecraft:skeleton":12,"minecraft:drowned":1,"minecraft:pig":9,"minecraft:bat":1,"minecraft:creeper":1,"minecraft:sheep":5,"minecraft:zombie":36,"minecraft:stray":9,"minecraft:wither_skeleton":1,"minecraft:cow":2},"minecraft:dropped":{"minecraft:golden_boots":3,"minecraft:moss_block":5,"minecraft:oak_log":1,"minecraft:mossy_cobblestone":15,"minecraft:glass_bottle":6,"tombstone:tablet_of_home":1,"minecraft:crafting_table":1,"minecraft:cooked_porkchop":3,"minecraft:poisonous_potato":1,"minecraft:iron_helmet":1,"minecraft:cobblestone":1,"minecraft:apple":10,"minecraft:granite":4,"minecraft:mossy_stone_brick_stairs":1,"minecraft:cracked_stone_bricks":18,"minecraft:copper_ingot":1,"minecraft:spruce_stairs":1,"minecraft:coal":1,"minecraft:polished_andesite":1,"minecraft:dirt":16,"minecraft:diorite":8,"minecraft:torch":45,"minecraft:snowball":74,"minecraft:sand":9,"tombstone:grave_dust":2,"minecraft:potion":4,"minecraft:gold_nugget":3,"minecraft:sugar":2,"minecraft:chainmail_leggings":1,"minecraft:iron_shovel":1,"minecraft:string":6,"minecraft:white_wool":6,"minecraft:gold_ingot":2,"minecraft:bone":5,"minecraft:gravel":1,"minecraft:stone_axe":1,"minecraft:iron_nugget":10,"minecraft:golden_chestplate":2,"minecraft:stone_sword":2,"minecraft:cobbled_deepslate":7,"tombstone:gift":1,"minecraft:rotten_flesh":31,"minecraft:light_gray_wool":1,"minecraft:white_bed":1,"minecraft:nether_bricks":1,"minecraft:chainmail_chestplate":1,"minecraft:filled_map":1,"minecraft:chiseled_stone_bricks":2,"minecraft:diamond_sword":1,"minecraft:shield":3,"minecraft:beef":7,"minecraft:spruce_planks":51,"minecraft:andesite":28,"minecraft:spider_eye":6,"minecraft:mossy_stone_bricks":55,"minecraft:golden_leggings":1,"minecraft:chainmail_boots":1,"minecraft:leather_leggings":1,"minecraft:stone_bricks":1,"minecraft:spruce_log":186,"minecraft:white_dye":18,"minecraft:iron_bars":6,"minecraft:arrow":3,"minecraft:stone_pickaxe":1,"minecraft:netherrack":1,"minecraft:egg":3},"minecraft:mined":{"minecraft:red_carpet":2,"minecraft:stone_pressure_plate":1,"minecraft:white_bed":2,"minecraft:deepslate_diamond_ore":1,"minecraft:dark_oak_log":1,"minecraft:cave_vines_plant":1,"minecraft:nether_bricks":3,"minecraft:granite":4,"minecraft:grass_block":21,"minecraft:spruce_leaves":4,"minecraft:moss_block":5,"minecraft:spawner":9,"minecraft:chiseled_stone_bricks":1,"minecraft:furnace":2,"minecraft:iron_ore":58,"minecraft:snow":7,"minecraft:andesite":31,"minecraft:black_carpet":2,"minecraft:anvil":4,"minecraft:peony":1,"minecraft:enchanting_table":1,"minecraft:mossy_stone_brick_stairs":1,"minecraft:bookshelf":2,"minecraft:cave_vines":1,"minecraft:deepslate_iron_ore":43,"minecraft:vine":9,"minecraft:iron_bars":13,"minecraft:stone":251,"create:veridium":1,"minecraft:snow_block":17,"minecraft:red_wool":7,"minecraft:smoker":1,"minecraft:powder_snow":9,"minecraft:crafting_table":16,"minecraft:torch":7,"minecraft:lectern":1,"minecraft:tall_grass":2,"minecraft:cobblestone":9,"minecraft:deepslate_gold_ore":10,"minecraft:diorite":8,"minecraft:iron_door":1,"minecraft:wall_torch":6,"minecraft:air":112,"minecraft:spruce_stairs":1,"minecraft:ice":1,"minecraft:spruce_log":60,"minecraft:tnt":1,"minecraft:black_wool":10,"minecraft:grass":7,"minecraft:coal_ore":61,"minecraft:sand":70,"minecraft:gravel":1,"minecraft:dirt":55,"minecraft:cobweb":1,"minecraft:cracked_stone_bricks":3,"minecraft:small_dripleaf":1,"minecraft:stone_bricks":1,"minecraft:polished_andesite":2,"minecraft:netherrack":1,"minecraft:mossy_stone_bricks":1,"minecraft:gold_ore":1,"minecraft:oak_leaves":1,"minecraft:deepslate":5,"minecraft:emerald_block":2},"minecraft:broken":{"minecraft:stone_pickaxe":1,"minecraft:stone_axe":1,"minecraft:iron_pickaxe":1,"minecraft:wooden_axe":1},"minecraft:crafted":{"minecraft:black_dye":1,"minecraft:coal":18,"minecraft:stone_shovel":1,"minecraft:furnace":2,"minecraft:bone_meal":123,"minecraft:cooked_mutton":3,"minecraft:flint_and_steel":1,"minecraft:iron_axe":1,"minecraft:stone_pickaxe":2,"minecraft:spruce_boat":1,"minecraft:stone_hoe":1,"minecraft:smoker":2,"sophisticatedbackpacks:iron_backpack":1,"minecraft:coal_block":8,"sophisticatedbackpacks:backpack":1,"minecraft:cooked_porkchop":28,"minecraft:crafting_table":6,"minecraft:spruce_planks":76,"minecraft:baked_potato":153,"minecraft:wooden_pickaxe":1,"minecraft:gold_block":7,"sophisticatedbackpacks:gold_backpack":1,"minecraft:bucket":1,"minecraft:stone_axe":2,"minecraft:air":0,"minecraft:white_wool":4,"sophisticatedbackpacks:diamond_backpack":1,"minecraft:shield":1,"minecraft:white_dye":9,"minecraft:anvil":1,"minecraft:iron_block":3,"minecraft:stick":104,"minecraft:iron_pickaxe":1,"minecraft:iron_ingot":104,"minecraft:wooden_axe":1,"minecraft:stone_sword":2,"minecraft:gold_ingot":2,"minecraft:black_bed":1,"minecraft:white_bed":1,"minecraft:torch":200},"minecraft:used":{"minecraft:iron_shovel":158,"minecraft:stone_sword":35,"minecraft:flint_and_steel":3,"minecraft:stone_shovel":12,"minecraft:shield":43,"minecraft:iron_sword":212,"minecraft:stone_hoe":27,"minecraft:torch":175,"minecraft:dirt":1,"minecraft:anvil":4,"minecraft:spruce_boat":1,"minecraft:wooden_axe":42,"minecraft:iron_axe":16,"minecraft:music_disc_stal":1,"minecraft:bow":8,"minecraft:sweet_berries":9,"minecraft:furnace":2,"tombstone:gift":7,"minecraft:potato":14,"minecraft:cooked_beef":19,"minecraft:water_bucket":9,"minecraft:baked_potato":15,"minecraft:stone_pickaxe":212,"minecraft:wooden_pickaxe":17,"minecraft:tnt":4,"minecraft:crafting_table":20,"minecraft:red_bed":1,"minecraft:white_bed":4,"minecraft:black_bed":1,"minecraft:smoker":2,"minecraft:iron_pickaxe":333,"tombstone:magic_scroll":1,"minecraft:stone_axe":137,"minecraft:diamond_sword":102,"minecraft:cobblestone":136,"minecraft:potion":3,"minecraft:cooked_porkchop":24,"minecraft:bucket":10,"minecraft:bone_meal":114,"minecraft:air":17,"minecraft:cobweb":1},"minecraft:picked_up":{"minecraft:crafting_table":16,"minecraft:black_carpet":6,"tombstone:tablet_of_home":1,"minecraft:chainmail_boots":1,"minecraft:anvil":4,"minecraft:leather_leggings":1,"minecraft:diamond_sword":2,"minecraft:string":17,"minecraft:red_bed":1,"minecraft:iron_shovel":1,"minecraft:cracked_stone_bricks":37,"minecraft:diamond_leggings":1,"minecraft:cobbled_deepslate":7,"minecraft:spruce_planks":51,"minecraft:beef":7,"minecraft:iron_nugget":4,"minecraft:light_gray_wool":1,"minecraft:lectern":1,"minecraft:egg":3,"minecraft:furnace":2,"minecraft:iron_boots":1,"minecraft:tipped_arrow":6,"minecraft:golden_helmet":1,"minecraft:dark_oak_sapling":12,"minecraft:raw_iron":98,"minecraft:stick":5,"minecraft:copper_ingot":1,"minecraft:torch":18,"minecraft:spruce_stairs":1,"sophisticatedbackpacks:backpack":1,"minecraft:porkchop":23,"minecraft:white_dye":9,"tombstone:grave_dust":4,"minecraft:diorite":8,"minecraft:golden_chestplate":2,"minecraft:stone_pressure_plate":1,"minecraft:tnt":1,"minecraft:stone_sword":2,"minecraft:arrow":30,"minecraft:rotten_flesh":52,"minecraft:nether_bricks":1,"tombstone:essence_of_undeath":2,"minecraft:gold_ingot":5,"minecraft:snowball":74,"minecraft:mutton":7,"minecraft:cobblestone":243,"minecraft:iron_bars":7,"minecraft:white_wool":5,"minecraft:enchanting_table":1,"minecraft:iron_door":1,"minecraft:andesite":28,"minecraft:golden_leggings":1,"minecraft:brown_wool":1,"minecraft:smoker":1,"minecraft:potato":165,"minecraft:flint":1,"minecraft:oak_log":1,"minecraft:golden_boots":3,"minecraft:gunpowder":2,"minecraft:dirt":69,"minecraft:paper":10,"tombstone:gift":3,"minecraft:leather_boots":1,"minecraft:red_carpet":3,"minecraft:bone":42,"minecraft:apple":6,"minecraft:stone_bricks":1,"minecraft:bow":2,"minecraft:raw_gold":11,"minecraft:iron_ingot":9,"minecraft:mossy_stone_bricks":56,"minecraft:iron_sword":1,"minecraft:glass_bottle":3,"minecraft:moss_block":5,"minecraft:mossy_stone_brick_stairs":1,"minecraft:emerald_block":2,"minecraft:cooked_porkchop":5,"minecraft:sweet_berries":7,"minecraft:chiseled_stone_bricks":4,"minecraft:red_wool":7,"minecraft:poisonous_potato":1,"minecraft:gravel":1,"minecraft:sand":9,"minecraft:white_bed":4,"minecraft:spruce_log":267,"minecraft:dark_oak_log":95,"minecraft:spider_eye":8,"minecraft:mossy_cobblestone":15,"minecraft:polished_andesite":2,"minecraft:sugar":2,"minecraft:diamond":1,"minecraft:spruce_boat":1,"minecraft:chainmail_leggings":1,"minecraft:iron_helmet":1,"minecraft:granite":4,"tombstone:magic_scroll":1,"minecraft:netherrack":1,"minecraft:black_wool":9,"minecraft:coal":66}},"DataVersion":3120}