{"stats":{"minecraft:dropped":{"minecraft:nether_brick_stairs":1,"minecraft:moss_block":5,"minecraft:oak_log":1,"minecraft:baked_potato":1,"minecraft:glass_bottle":11,"minecraft:crafting_table":1,"minecraft:cooked_porkchop":3,"minecraft:mossy_stone_brick_stairs":1,"minecraft:cracked_stone_bricks":18,"minecraft:dirt":16,"minecraft:seagrass":2,"minecraft:snowball":74,"minecraft:wooden_sword":1,"minecraft:gold_nugget":3,"minecraft:sand":14,"minecraft:sugar":2,"minecraft:white_wool":7,"minecraft:bone":5,"minecraft:gold_ingot":2,"minecraft:gravel":1,"minecraft:stone_axe":1,"minecraft:iron_nugget":10,"minecraft:golden_chestplate":2,"minecraft:cobbled_deepslate":7,"minecraft:wheat":1,"tombstone:gift":1,"minecraft:rotten_flesh":50,"minecraft:white_bed":1,"minecraft:chainmail_chestplate":1,"minecraft:chiseled_stone_bricks":2,"minecraft:quartz_block":3,"minecraft:hopper":9,"minecraft:chainmail_boots":1,"minecraft:leather_leggings":1,"minecraft:white_dye":18,"minecraft:iron_bars":21,"minecraft:arrow":3,"minecraft:beef":13,"minecraft:netherrack":1,"minecraft:egg":3,"minecraft:stone_hoe":2,"minecraft:golden_boots":4,"minecraft:wheat_seeds":11,"minecraft:mossy_cobblestone":15,"tombstone:tablet_of_home":1,"minecraft:poisonous_potato":2,"minecraft:iron_helmet":1,"minecraft:cobblestone":1,"minecraft:apple":10,"minecraft:granite":4,"minecraft:copper_ingot":1,"minecraft:spruce_stairs":1,"minecraft:coal":26,"minecraft:stick":1,"minecraft:polished_andesite":1,"minecraft:diorite":8,"minecraft:torch":45,"tombstone:grave_dust":2,"minecraft:potion":4,"minecraft:mossy_cobblestone_stairs":1,"minecraft:iron_shovel":1,"minecraft:chainmail_leggings":3,"minecraft:string":40,"minecraft:lily_pad":10,"minecraft:dandelion":12,"minecraft:stone_sword":2,"minecraft:light_gray_wool":1,"minecraft:iron_boots":1,"minecraft:stone_slab":5,"minecraft:nether_bricks":1,"minecraft:pumpkin_seeds":36,"minecraft:filled_map":1,"minecraft:diamond_sword":1,"minecraft:shield":4,"minecraft:spruce_planks":55,"minecraft:iron_chestplate":2,"minecraft:andesite":28,"minecraft:mossy_stone_bricks":56,"minecraft:golden_leggings":1,"minecraft:golden_sword":1,"minecraft:spider_eye":14,"minecraft:stone_bricks":1,"minecraft:spruce_log":186,"minecraft:bow":1,"minecraft:stone_pickaxe":1},"minecraft:crafted":{"minecraft:black_dye":4,"minecraft:grindstone":1,"minecraft:stone":52,"minecraft:cooked_mutton":3,"minecraft:glass":384,"minecraft:hopper":9,"minecraft:chest":4,"minecraft:stone_hoe":1,"minecraft:smoker":2,"sophisticatedbackpacks:backpack":4,"minecraft:cooked_porkchop":28,"minecraft:crafting_table":6,"minecraft:spruce_planks":76,"minecraft:wooden_pickaxe":1,"minecraft:baked_potato":153,"minecraft:gold_block":7,"minecraft:shield":1,"sophisticatedbackpacks:diamond_backpack":2,"minecraft:stick":172,"minecraft:stone_slab":6,"minecraft:iron_ingot":104,"minecraft:iron_pickaxe":1,"minecraft:iron_block":3,"minecraft:stone_sword":2,"minecraft:gold_ingot":2,"minecraft:sandstone":181,"minecraft:black_bed":1,"minecraft:shears":1,"toolbelt:belt":1,"minecraft:coal":18,"minecraft:stone_shovel":1,"minecraft:iron_nugget":63,"minecraft:furnace":3,"minecraft:jack_o_lantern":12,"minecraft:bone_meal":186,"minecraft:flint_and_steel":1,"minecraft:lantern":7,"minecraft:dark_oak_fence":111,"minecraft:iron_axe":1,"minecraft:stone_pickaxe":2,"minecraft:spruce_boat":1,"minecraft:dark_oak_planks":1156,"sophisticatedbackpacks:iron_backpack":3,"minecraft:coal_block":8,"minecraft:red_dye":7,"minecraft:dark_oak_stairs":88,"sophisticatedbackpacks:gold_backpack":6,"minecraft:bucket":1,"minecraft:stone_axe":2,"minecraft:air":0,"minecraft:white_wool":4,"minecraft:white_dye":9,"minecraft:wooden_axe":1,"minecraft:anvil":1,"minecraft:white_bed":2,"minecraft:torch":304,"minecraft:diamond_chestplate":1},"minecraft:killed_by":{"minecraft:creeper":1,"minecraft:zombie":2,"minecraft:player":1},"minecraft:custom":{"minecraft:interact_with_crafting_table":108,"minecraft:leave_game":3,"minecraft:time_since_death":183272,"minecraft:sprint_one_cm":1663159,"minecraft:damage_blocked_by_shield":4315,"minecraft:drop":195,"minecraft:play_noteblock":1,"minecraft:talked_to_villager":25,"minecraft:play_time":657596,"minecraft:deaths":4,"minecraft:jump":8123,"minecraft:walk_on_water_one_cm":131807,"minecraft:interact_with_furnace":84,"minecraft:play_record":1,"minecraft:sleep_in_bed":30,"minecraft:damage_dealt":30624,"minecraft:crouch_one_cm":59007,"tombstone:undead_killed":105,"minecraft:interact_with_smoker":37,"minecraft:interact_with_anvil":47,"minecraft:mob_kills":199,"minecraft:climb_one_cm":10083,"minecraft:walk_one_cm":1983398,"minecraft:sneak_time":19332,"minecraft:walk_under_water_one_cm":51791,"minecraft:boat_one_cm":1724087,"minecraft:total_world_time":657596,"tombstone:raider_killed":2,"minecraft:tune_noteblock":4,"minecraft:interact_with_grindstone":5,"minecraft:time_since_rest":8609,"minecraft:damage_taken":7414,"minecraft:damage_absorbed":48,"minecraft:minecart_one_cm":498,"minecraft:swim_one_cm":130801,"minecraft:fly_one_cm":1799827,"minecraft:open_chest":445,"minecraft:fall_one_cm":156360},"minecraft:killed":{"minecraft:cave_spider":14,"minecraft:witch":2,"minecraft:spider":19,"minecraft:skeleton":26,"minecraft:silverfish":8,"minecraft:turtle":1,"minecraft:pig":9,"minecraft:iron_golem":3,"minecraft:creeper":6,"minecraft:sheep":5,"minecraft:zombie":61,"minecraft:stray":15,"minecraft:cow":13,"minecraft:drowned":1,"minecraft:bat":1,"minecraft:squid":3,"minecraft:wither_skeleton":2},"minecraft:used":{"minecraft:jack_o_lantern":14,"minecraft:iron_shovel":2619,"minecraft:chest":10,"minecraft:shield":103,"minecraft:iron_sword":218,"minecraft:spruce_boat":3,"minecraft:glass":384,"minecraft:lantern":32,"minecraft:music_disc_stal":1,"minecraft:golden_sword":11,"minecraft:bow":58,"minecraft:sweet_berries":9,"minecraft:furnace":3,"minecraft:potato":67,"minecraft:dark_oak_stairs":65,"minecraft:stone_pickaxe":212,"minecraft:wooden_pickaxe":17,"minecraft:sandstone":259,"minecraft:golden_apple":2,"minecraft:sand":214,"minecraft:black_bed":1,"minecraft:shears":12,"minecraft:dark_oak_log":289,"minecraft:diamond_sword":466,"minecraft:grindstone":1,"minecraft:dark_oak_fence":120,"minecraft:air":17,"minecraft:bone_meal":177,"minecraft:cobweb":8,"minecraft:experience_bottle":35,"minecraft:stone_sword":35,"minecraft:flint_and_steel":3,"minecraft:stone_shovel":12,"minecraft:stone_hoe":27,"minecraft:torch":427,"minecraft:dirt":58,"minecraft:anvil":7,"minecraft:spruce_fence":255,"minecraft:dark_oak_planks":994,"minecraft:wooden_axe":42,"minecraft:iron_axe":284,"tombstone:gift":7,"minecraft:cooked_beef":19,"minecraft:cobbled_deepslate":56,"minecraft:water_bucket":21,"minecraft:baked_potato":122,"minecraft:tnt":4,"minecraft:crafting_table":21,"minecraft:red_bed":1,"minecraft:white_bed":6,"minecraft:smoker":2,"tombstone:bag_of_seeds":1,"minecraft:diamond_shovel":712,"minecraft:iron_pickaxe":658,"tombstone:magic_scroll":1,"minecraft:stone_axe":137,"minecraft:cobblestone":200,"minecraft:potion":7,"minecraft:cooked_porkchop":24,"minecraft:bucket":22},"minecraft:mined":{"minecraft:dark_oak_planks":98,"minecraft:stone_pressure_plate":1,"minecraft:white_bed":3,"minecraft:carved_pumpkin":12,"minecraft:cave_vines_plant":1,"minecraft:granite":4,"minecraft:grass_block":1202,"minecraft:coal_block":6,"minecraft:chiseled_stone_bricks":1,"minecraft:spawner":53,"minecraft:iron_ore":61,"minecraft:pumpkin":1,"minecraft:black_carpet":2,"minecraft:anvil":6,"minecraft:nether_brick_stairs":2,"minecraft:dark_oak_stairs":3,"minecraft:enchanting_table":1,"minecraft:cave_vines":1,"minecraft:iron_bars":33,"create:veridium":1,"minecraft:quartz_block":28,"minecraft:kelp_plant":1,"minecraft:smoker":2,"minecraft:powder_snow":9,"minecraft:torch":9,"minecraft:blast_furnace":2,"minecraft:chest":8,"minecraft:glass":68,"minecraft:cobblestone":10,"minecraft:iron_door":1,"minecraft:wall_torch":12,"minecraft:seagrass":1,"minecraft:tnt":2,"minecraft:grass":24,"minecraft:sand":1786,"minecraft:dirt":357,"minecraft:netherrack":1,"minecraft:oak_leaves":1,"minecraft:deepslate":5,"minecraft:emerald_block":2,"create:zinc_ore":1,"minecraft:red_carpet":2,"minecraft:mossy_cobblestone":1,"minecraft:deepslate_diamond_ore":1,"minecraft:dark_oak_log":52,"minecraft:jack_o_lantern":2,"minecraft:nether_bricks":3,"minecraft:dark_oak_fence":9,"minecraft:spruce_fence":65,"minecraft:spruce_leaves":4,"minecraft:moss_block":5,"minecraft:sandstone":89,"minecraft:furnace":2,"minecraft:snow":7,"minecraft:andesite":31,"minecraft:peony":1,"minecraft:gold_block":1,"minecraft:mossy_stone_brick_stairs":1,"minecraft:bookshelf":4,"minecraft:deepslate_iron_ore":43,"minecraft:vine":23,"minecraft:rail":39,"minecraft:lantern":4,"minecraft:stone":307,"minecraft:red_wool":7,"minecraft:snow_block":17,"minecraft:crafting_table":16,"minecraft:lectern":1,"minecraft:tall_grass":9,"minecraft:deepslate_gold_ore":10,"minecraft:diorite":8,"minecraft:air":112,"minecraft:spruce_stairs":1,"minecraft:ice":1,"minecraft:spruce_log":60,"minecraft:black_wool":10,"minecraft:coal_ore":62,"minecraft:gravel":1,"minecraft:cobweb":35,"minecraft:cracked_stone_bricks":3,"minecraft:polished_andesite":2,"minecraft:stone_bricks":4,"minecraft:small_dripleaf":1,"minecraft:mossy_stone_bricks":1,"minecraft:gold_ore":1},"minecraft:broken":{"minecraft:golden_helmet":1,"minecraft:iron_boots":1,"minecraft:stone_pickaxe":1,"minecraft:stone_axe":1,"minecraft:wooden_axe":1,"minecraft:golden_chestplate":1,"minecraft:iron_axe":1,"minecraft:iron_pickaxe":2},"minecraft:picked_up":{"minecraft:wheat":1,"minecraft:seagrass":2,"minecraft:iron_chestplate":1,"minecraft:black_carpet":6,"minecraft:chainmail_boots":1,"minecraft:anvil":6,"tombstone:tablet_of_home":1,"minecraft:diamond_sword":2,"minecraft:golden_sword":1,"minecraft:string":56,"minecraft:experience_bottle":1,"minecraft:diamond_leggings":1,"minecraft:cobbled_deepslate":63,"minecraft:spruce_planks":51,"minecraft:cobblestone_slab":1,"minecraft:coal_block":6,"minecraft:mangrove_log":1,"minecraft:furnace":2,"minecraft:iron_boots":3,"minecraft:tipped_arrow":13,"minecraft:golden_helmet":1,"minecraft:stick":5,"minecraft:torch":37,"minecraft:spruce_stairs":1,"minecraft:porkchop":23,"tombstone:grave_dust":11,"minecraft:diorite":8,"minecraft:golden_chestplate":3,"minecraft:quartz_block":5,"minecraft:stone_sword":2,"minecraft:rotten_flesh":91,"minecraft:carved_pumpkin":12,"minecraft:iron_bars":22,"minecraft:snowball":74,"minecraft:cobblestone":296,"minecraft:enchanting_table":1,"minecraft:iron_door":1,"minecraft:andesite":28,"minecraft:brown_wool":1,"minecraft:golden_leggings":1,"minecraft:smoker":2,"minecraft:potato":252,"minecraft:flint":1,"create:raw_zinc":1,"minecraft:lapis_lazuli":3,"minecraft:dirt":1026,"minecraft:lantern":104,"minecraft:leather_boots":1,"minecraft:bone":74,"minecraft:bow":3,"minecraft:wheat_seeds":27,"minecraft:raw_gold":11,"minecraft:mossy_stone_bricks":59,"minecraft:moss_block":5,"minecraft:stone_hoe":1,"minecraft:oak_planks":1,"minecraft:mossy_stone_brick_stairs":1,"minecraft:cooked_porkchop":5,"minecraft:poisonous_potato":2,"minecraft:sand":1583,"minecraft:nether_brick_stairs":1,"minecraft:ink_sac":3,"minecraft:dark_oak_log":146,"minecraft:mossy_cobblestone":15,"minecraft:polished_andesite":2,"minecraft:sugar":2,"minecraft:diamond":2,"minecraft:spruce_boat":2,"minecraft:granite":4,"minecraft:jack_o_lantern":2,"minecraft:netherrack":1,"minecraft:dark_oak_fence":9,"minecraft:crafting_table":16,"minecraft:azure_bluet":1,"minecraft:leather_leggings":1,"minecraft:gold_block":1,"minecraft:shield":1,"minecraft:cornflower":1,"minecraft:red_bed":1,"minecraft:iron_axe":1,"minecraft:wooden_sword":1,"minecraft:iron_shovel":1,"minecraft:cracked_stone_bricks":37,"minecraft:beef":19,"minecraft:iron_nugget":4,"minecraft:poppy":4,"minecraft:light_gray_wool":1,"minecraft:lectern":1,"minecraft:chest":16,"minecraft:egg":3,"minecraft:dark_oak_sapling":12,"minecraft:raw_iron":99,"minecraft:sandstone":85,"minecraft:copper_ingot":1,"minecraft:spruce_fence":433,"sophisticatedbackpacks:backpack":2,"minecraft:white_dye":9,"minecraft:stone_pressure_plate":1,"minecraft:dark_oak_planks":95,"minecraft:tnt":2,"minecraft:arrow":63,"minecraft:nether_bricks":1,"tombstone:essence_of_undeath":3,"minecraft:gold_ingot":5,"minecraft:mutton":7,"minecraft:rail":37,"minecraft:white_wool":9,"minecraft:oxeye_daisy":1,"minecraft:leather":12,"minecraft:oak_log":1,"minecraft:lily_pad":10,"minecraft:golden_boots":4,"minecraft:gunpowder":21,"minecraft:paper":10,"tombstone:gift":3,"minecraft:red_carpet":3,"minecraft:apple":6,"minecraft:stone_bricks":1,"minecraft:iron_ingot":24,"tombstone:bag_of_seeds":1,"minecraft:glass_bottle":10,"minecraft:iron_sword":1,"minecraft:dark_oak_stairs":3,"minecraft:oak_slab":3,"minecraft:emerald_block":2,"minecraft:sweet_berries":7,"minecraft:chiseled_stone_bricks":4,"minecraft:red_wool":7,"minecraft:dandelion":12,"minecraft:gravel":1,"minecraft:blast_furnace":2,"minecraft:white_bed":5,"minecraft:spruce_log":267,"minecraft:spider_eye":16,"minecraft:pumpkin_seeds":36,"minecraft:slime_ball":3,"minecraft:chainmail_leggings":3,"minecraft:iron_helmet":1,"minecraft:mossy_cobblestone_stairs":1,"tombstone:magic_scroll":3,"minecraft:baked_potato":1,"minecraft:black_wool":9,"minecraft:coal":69}},"DataVersion":3120}