{"stats":{"minecraft:dropped":{"minecraft:nether_brick_stairs":1,"minecraft:moss_block":5,"minecraft:oak_log":1,"minecraft:baked_potato":1,"minecraft:glass_bottle":11,"minecraft:crafting_table":1,"minecraft:cooked_porkchop":3,"minecraft:leather":3,"minecraft:dark_oak_button":10,"minecraft:mossy_stone_brick_stairs":1,"minecraft:cracked_stone_bricks":18,"minecraft:dirt":16,"minecraft:seagrass":2,"minecraft:snowball":74,"minecraft:wooden_sword":1,"minecraft:gold_nugget":3,"minecraft:sand":78,"minecraft:sugar":2,"minecraft:white_wool":7,"minecraft:bone":28,"minecraft:gold_ingot":2,"minecraft:gravel":1,"minecraft:stone_axe":1,"minecraft:iron_nugget":16,"minecraft:golden_chestplate":2,"minecraft:cobbled_deepslate":7,"minecraft:wheat":1,"tombstone:gift":1,"minecraft:rotten_flesh":50,"minecraft:white_bed":1,"minecraft:chainmail_chestplate":1,"minecraft:chiseled_stone_bricks":2,"minecraft:heavy_weighted_pressure_plate":1,"minecraft:beetroot_seeds":1,"minecraft:quartz_block":3,"minecraft:hopper":9,"minecraft:chainmail_boots":1,"minecraft:leather_leggings":1,"minecraft:white_dye":18,"minecraft:iron_bars":21,"minecraft:arrow":3,"minecraft:beef":13,"minecraft:netherrack":1,"minecraft:egg":3,"minecraft:stone_hoe":2,"minecraft:golden_boots":4,"minecraft:iron_ingot":28,"minecraft:wheat_seeds":13,"minecraft:mossy_cobblestone":15,"tombstone:tablet_of_home":1,"minecraft:poisonous_potato":4,"minecraft:iron_helmet":1,"minecraft:cobblestone":1,"minecraft:apple":10,"minecraft:granite":4,"minecraft:copper_ingot":1,"minecraft:spruce_stairs":1,"minecraft:coal":26,"minecraft:stick":1,"minecraft:polished_andesite":1,"minecraft:cobweb":20,"minecraft:diorite":8,"minecraft:torch":45,"tombstone:grave_dust":3,"minecraft:potion":4,"minecraft:mossy_cobblestone_stairs":1,"minecraft:iron_shovel":2,"minecraft:chainmail_leggings":3,"minecraft:string":47,"minecraft:lily_pad":10,"minecraft:spruce_sapling":9,"minecraft:dandelion":12,"minecraft:stone_sword":2,"minecraft:light_gray_wool":1,"minecraft:iron_boots":1,"minecraft:stone_slab":5,"minecraft:nether_bricks":1,"minecraft:pumpkin_seeds":36,"minecraft:filled_map":1,"minecraft:diamond_sword":1,"minecraft:potato":28,"minecraft:shield":4,"minecraft:spruce_planks":55,"minecraft:iron_chestplate":2,"minecraft:andesite":28,"minecraft:mossy_stone_bricks":56,"minecraft:golden_leggings":1,"minecraft:golden_sword":1,"minecraft:spider_eye":14,"minecraft:stone_bricks":1,"minecraft:spruce_log":186,"minecraft:bow":1,"minecraft:stone_pickaxe":1},"minecraft:crafted":{"minecraft:black_dye":4,"minecraft:grindstone":1,"minecraft:cut_sandstone":20,"minecraft:stone":187,"minecraft:heavy_weighted_pressure_plate":1,"minecraft:cooked_mutton":3,"minecraft:glass":741,"minecraft:hopper":9,"minecraft:chest":6,"minecraft:iron_door":12,"minecraft:stone_hoe":1,"minecraft:smoker":2,"sophisticatedbackpacks:backpack":4,"minecraft:emerald":140,"minecraft:cooked_porkchop":28,"minecraft:crafting_table":13,"minecraft:spruce_planks":1716,"minecraft:wooden_pickaxe":1,"minecraft:baked_potato":176,"minecraft:fletching_table":11,"minecraft:gold_block":7,"minecraft:diamond_pickaxe":2,"minecraft:shield":1,"sophisticatedbackpacks:diamond_backpack":2,"minecraft:stick":3438,"minecraft:stone_slab":6,"minecraft:iron_ingot":104,"minecraft:iron_pickaxe":1,"minecraft:iron_block":3,"minecraft:stone_sword":2,"minecraft:gold_ingot":2,"minecraft:sandstone":273,"minecraft:black_bed":1,"minecraft:shears":1,"toolbelt:belt":1,"minecraft:coal":45,"minecraft:stone_shovel":1,"minecraft:iron_nugget":630,"minecraft:furnace":3,"minecraft:jack_o_lantern":12,"minecraft:bone_meal":225,"minecraft:spruce_fence":312,"minecraft:white_carpet":6,"minecraft:flint_and_steel":1,"minecraft:lantern":78,"minecraft:dark_oak_fence":507,"minecraft:iron_axe":4,"minecraft:ladder":3,"minecraft:iron_hoe":1,"minecraft:stone_pickaxe":14,"minecraft:spruce_boat":1,"minecraft:dark_oak_planks":3271,"sophisticatedbackpacks:iron_backpack":3,"minecraft:coal_block":8,"minecraft:red_dye":7,"minecraft:dark_oak_stairs":100,"sophisticatedbackpacks:gold_backpack":6,"minecraft:dark_oak_button":25,"minecraft:bucket":1,"minecraft:stone_axe":2,"minecraft:air":0,"minecraft:white_wool":4,"minecraft:white_dye":9,"minecraft:wooden_axe":1,"minecraft:iron_shovel":1,"minecraft:anvil":1,"minecraft:white_bed":2,"minecraft:torch":408,"minecraft:diamond_chestplate":1},"minecraft:killed_by":{"minecraft:creeper":1,"minecraft:zombie":2,"minecraft:player":1},"minecraft:custom":{"minecraft:animals_bred":2,"minecraft:interact_with_crafting_table":181,"minecraft:leave_game":11,"minecraft:time_since_death":488308,"minecraft:sprint_one_cm":2511765,"minecraft:damage_blocked_by_shield":4445,"minecraft:drop":223,"minecraft:play_noteblock":1,"minecraft:talked_to_villager":99,"minecraft:play_time":962632,"minecraft:deaths":4,"minecraft:jump":15102,"minecraft:walk_on_water_one_cm":147724,"minecraft:interact_with_furnace":161,"minecraft:play_record":1,"minecraft:traded_with_villager":154,"minecraft:sleep_in_bed":39,"minecraft:damage_dealt":36603,"minecraft:crouch_one_cm":117969,"tombstone:undead_killed":130,"minecraft:interact_with_smoker":37,"minecraft:interact_with_smithing_table":1,"minecraft:interact_with_anvil":48,"minecraft:mob_kills":229,"minecraft:inspect_hopper":10,"minecraft:climb_one_cm":12092,"minecraft:walk_one_cm":3069049,"minecraft:sneak_time":34503,"minecraft:walk_under_water_one_cm":52649,"minecraft:boat_one_cm":1724087,"minecraft:total_world_time":962632,"tombstone:raider_killed":2,"minecraft:tune_noteblock":4,"minecraft:interact_with_stonecutter":9,"minecraft:interact_with_grindstone":5,"minecraft:time_since_rest":89874,"minecraft:damage_absorbed":48,"minecraft:damage_taken":7908,"minecraft:minecart_one_cm":498,"minecraft:swim_one_cm":137607,"minecraft:fly_one_cm":3666465,"minecraft:open_chest":575,"minecraft:fall_one_cm":248057},"minecraft:killed":{"minecraft:cave_spider":14,"minecraft:witch":2,"minecraft:spider":21,"minecraft:skeleton":31,"minecraft:silverfish":8,"minecraft:turtle":1,"minecraft:pig":9,"minecraft:iron_golem":3,"minecraft:creeper":8,"minecraft:sheep":5,"minecraft:zombie":81,"minecraft:stray":15,"minecraft:cow":13,"minecraft:drowned":1,"minecraft:bat":1,"minecraft:squid":3,"minecraft:wither_skeleton":2},"minecraft:used":{"minecraft:jack_o_lantern":14,"minecraft:iron_shovel":2760,"minecraft:spruce_slab":32,"minecraft:ladder":2,"minecraft:chest":12,"minecraft:shield":106,"minecraft:iron_sword":218,"minecraft:spruce_boat":3,"minecraft:glass":765,"minecraft:lantern":186,"minecraft:dark_oak_button":22,"minecraft:stone_brick_stairs":8,"minecraft:stone_bricks":396,"minecraft:music_disc_stal":1,"minecraft:golden_sword":11,"minecraft:bow":73,"minecraft:sweet_berries":9,"minecraft:furnace":3,"minecraft:potato":147,"minecraft:dark_oak_stairs":99,"minecraft:stone_pickaxe":212,"minecraft:wooden_pickaxe":17,"minecraft:sandstone":332,"minecraft:composter":2,"minecraft:sugar_cane":151,"minecraft:golden_apple":2,"minecraft:sand":454,"minecraft:black_bed":1,"minecraft:shears":12,"minecraft:dark_oak_log":765,"minecraft:heavy_weighted_pressure_plate":1,"minecraft:iron_door":13,"minecraft:diamond_sword":564,"minecraft:grindstone":1,"minecraft:dark_oak_fence":531,"minecraft:air":17,"minecraft:bone_meal":216,"minecraft:cobweb":8,"minecraft:experience_bottle":35,"minecraft:stone_sword":35,"minecraft:flint_and_steel":3,"minecraft:stone_shovel":12,"minecraft:stone_hoe":27,"minecraft:torch":454,"minecraft:dirt":398,"minecraft:anvil":7,"minecraft:white_carpet":4,"minecraft:spruce_fence":746,"minecraft:iron_hoe":150,"minecraft:dark_oak_planks":2071,"minecraft:wooden_axe":42,"minecraft:iron_axe":856,"tombstone:gift":7,"torchmaster:megatorch":1,"minecraft:cooked_beef":19,"minecraft:cobbled_deepslate":56,"minecraft:pumpkin":5,"minecraft:brown_bed":1,"minecraft:wheat_seeds":34,"minecraft:water_bucket":82,"minecraft:baked_potato":192,"minecraft:cut_sandstone":1,"minecraft:fletching_table":10,"minecraft:tnt":4,"minecraft:crafting_table":27,"minecraft:red_bed":1,"minecraft:white_bed":12,"minecraft:smoker":2,"tombstone:bag_of_seeds":2,"minecraft:diamond_pickaxe":852,"minecraft:diamond_shovel":1009,"minecraft:iron_pickaxe":679,"tombstone:magic_scroll":1,"minecraft:spruce_sapling":12,"minecraft:stone_axe":137,"minecraft:chiseled_stone_bricks":6,"minecraft:cobblestone":200,"minecraft:potion":7,"minecraft:cooked_porkchop":24,"minecraft:bucket":83},"minecraft:mined":{"minecraft:dark_oak_planks":171,"minecraft:stone_pressure_plate":1,"minecraft:white_bed":10,"minecraft:carved_pumpkin":12,"minecraft:cave_vines_plant":1,"minecraft:granite":4,"minecraft:grass_block":1225,"minecraft:coal_block":6,"minecraft:composter":2,"minecraft:chiseled_stone_bricks":7,"minecraft:spawner":53,"minecraft:iron_ore":61,"minecraft:pumpkin":6,"minecraft:black_carpet":2,"minecraft:anvil":6,"minecraft:fletching_table":1,"minecraft:nether_brick_stairs":2,"minecraft:dark_oak_stairs":7,"minecraft:enchanting_table":1,"minecraft:cave_vines":1,"minecraft:iron_bars":33,"create:veridium":1,"minecraft:spruce_slab":4,"minecraft:cut_sandstone":1,"minecraft:quartz_block":28,"minecraft:kelp_plant":1,"minecraft:smoker":2,"minecraft:powder_snow":9,"minecraft:torch":23,"minecraft:blast_furnace":2,"minecraft:chest":8,"minecraft:glass":113,"minecraft:cobblestone":10,"minecraft:grindstone":1,"minecraft:sugar_cane":108,"minecraft:iron_door":5,"minecraft:wall_torch":14,"minecraft:seagrass":1,"minecraft:tnt":2,"minecraft:stone_brick_stairs":8,"minecraft:grass":38,"minecraft:sand":2226,"minecraft:dirt":449,"minecraft:netherrack":1,"minecraft:oak_leaves":1,"minecraft:deepslate":5,"minecraft:emerald_block":2,"create:zinc_ore":1,"minecraft:red_carpet":2,"minecraft:mossy_cobblestone":1,"minecraft:deepslate_diamond_ore":1,"minecraft:dark_oak_log":76,"minecraft:jack_o_lantern":2,"torchmaster:megatorch":2,"minecraft:nether_bricks":3,"minecraft:dark_oak_fence":27,"minecraft:spruce_fence":80,"minecraft:spruce_leaves":4,"minecraft:moss_block":5,"minecraft:sandstone":90,"minecraft:heavy_weighted_pressure_plate":1,"minecraft:furnace":2,"minecraft:snow":7,"minecraft:andesite":31,"minecraft:peony":1,"minecraft:gold_block":1,"minecraft:mossy_stone_brick_stairs":1,"minecraft:bookshelf":4,"minecraft:deepslate_iron_ore":43,"minecraft:vine":23,"minecraft:rail":39,"minecraft:lantern":9,"minecraft:stone":1128,"minecraft:red_wool":7,"minecraft:snow_block":17,"minecraft:crafting_table":17,"minecraft:lectern":1,"minecraft:tall_grass":9,"minecraft:deepslate_gold_ore":10,"minecraft:diorite":8,"minecraft:air":134,"minecraft:spruce_stairs":1,"minecraft:ice":1,"minecraft:spruce_log":447,"minecraft:black_wool":10,"minecraft:coal_ore":62,"minecraft:dark_oak_button":4,"minecraft:gravel":1,"minecraft:cobweb":35,"minecraft:cracked_stone_bricks":3,"minecraft:polished_andesite":2,"minecraft:stone_bricks":26,"minecraft:small_dripleaf":1,"minecraft:mossy_stone_bricks":1,"minecraft:gold_ore":1},"minecraft:broken":{"minecraft:golden_helmet":2,"minecraft:iron_boots":1,"minecraft:stone_pickaxe":1,"minecraft:stone_axe":1,"minecraft:wooden_axe":1,"minecraft:golden_chestplate":1,"minecraft:iron_axe":2,"minecraft:iron_pickaxe":2},"minecraft:picked_up":{"minecraft:wheat":18,"minecraft:seagrass":2,"minecraft:iron_chestplate":1,"minecraft:black_carpet":6,"minecraft:chainmail_boots":1,"minecraft:anvil":6,"minecraft:stone_slab":1,"tombstone:tablet_of_home":1,"minecraft:diamond_sword":2,"minecraft:stone_brick_stairs":8,"minecraft:golden_sword":1,"minecraft:string":61,"minecraft:experience_bottle":1,"minecraft:diamond_leggings":1,"minecraft:cobbled_deepslate":63,"minecraft:spruce_planks":51,"minecraft:cobblestone_slab":1,"minecraft:coal_block":6,"minecraft:mangrove_log":1,"minecraft:iron_boots":3,"minecraft:furnace":2,"minecraft:tipped_arrow":13,"minecraft:golden_helmet":3,"minecraft:stick":21,"minecraft:composter":2,"minecraft:torch":53,"minecraft:spruce_stairs":1,"minecraft:porkchop":23,"tombstone:grave_dust":13,"minecraft:diorite":8,"minecraft:golden_chestplate":3,"minecraft:quartz_block":5,"minecraft:stone_sword":2,"minecraft:rotten_flesh":115,"minecraft:carved_pumpkin":12,"minecraft:iron_bars":22,"minecraft:snowball":74,"minecraft:cobblestone":1102,"minecraft:enchanting_table":1,"minecraft:iron_door":5,"minecraft:andesite":28,"minecraft:brown_wool":1,"minecraft:golden_leggings":1,"minecraft:smoker":2,"minecraft:potato":314,"minecraft:flint":1,"create:raw_zinc":1,"minecraft:lapis_lazuli":3,"minecraft:dirt":1140,"minecraft:lantern":110,"minecraft:leather_boots":1,"minecraft:bone":79,"minecraft:bow":3,"minecraft:wheat_seeds":70,"minecraft:raw_gold":11,"minecraft:grindstone":1,"minecraft:mossy_stone_bricks":59,"minecraft:fletching_table":1,"minecraft:moss_block":5,"minecraft:stone_hoe":1,"minecraft:oak_planks":1,"minecraft:mossy_stone_brick_stairs":1,"minecraft:cooked_porkchop":5,"minecraft:poisonous_potato":4,"torchmaster:megatorch":2,"minecraft:sand":1998,"minecraft:nether_brick_stairs":1,"minecraft:ink_sac":3,"minecraft:dark_oak_log":183,"minecraft:mossy_cobblestone":15,"minecraft:polished_andesite":2,"minecraft:sugar":2,"minecraft:diamond":2,"minecraft:spruce_boat":2,"minecraft:granite":4,"minecraft:emerald":5,"minecraft:jack_o_lantern":2,"minecraft:netherrack":1,"minecraft:dark_oak_fence":28,"minecraft:crafting_table":17,"minecraft:azure_bluet":1,"minecraft:ladder":2,"minecraft:leather_leggings":1,"minecraft:gold_block":1,"minecraft:shield":1,"minecraft:heavy_weighted_pressure_plate":1,"minecraft:cornflower":1,"minecraft:red_bed":1,"minecraft:iron_axe":1,"minecraft:wooden_sword":1,"minecraft:iron_shovel":1,"minecraft:cracked_stone_bricks":37,"minecraft:beef":19,"minecraft:spruce_slab":46,"minecraft:sugar_cane":156,"minecraft:iron_nugget":4,"minecraft:poppy":4,"minecraft:light_gray_wool":1,"minecraft:lectern":1,"minecraft:chest":16,"minecraft:egg":3,"minecraft:dark_oak_sapling":12,"minecraft:raw_iron":99,"minecraft:sandstone":86,"minecraft:stone":30,"sophisticatedbackpacks:crafting_upgrade":1,"minecraft:copper_ingot":1,"minecraft:spruce_fence":445,"sophisticatedbackpacks:backpack":2,"minecraft:white_dye":9,"minecraft:stone_pressure_plate":1,"minecraft:dark_oak_planks":199,"minecraft:tnt":2,"minecraft:arrow":69,"minecraft:nether_bricks":1,"tombstone:essence_of_undeath":3,"minecraft:gold_ingot":5,"minecraft:mutton":7,"minecraft:rail":37,"minecraft:white_wool":14,"minecraft:oxeye_daisy":1,"minecraft:dark_oak_button":12,"minecraft:cut_sandstone":1,"minecraft:leather":12,"minecraft:oak_log":1,"minecraft:lily_pad":10,"minecraft:golden_boots":4,"minecraft:gunpowder":25,"minecraft:paper":10,"tombstone:gift":3,"minecraft:red_carpet":3,"minecraft:apple":6,"minecraft:stone_bricks":78,"minecraft:iron_ingot":25,"minecraft:stone_pickaxe":1,"tombstone:bag_of_seeds":2,"minecraft:glass_bottle":10,"minecraft:iron_sword":1,"minecraft:dark_oak_stairs":7,"minecraft:oak_slab":3,"minecraft:emerald_block":2,"minecraft:pumpkin":5,"minecraft:sweet_berries":7,"minecraft:chiseled_stone_bricks":10,"minecraft:red_wool":7,"minecraft:dandelion":12,"minecraft:gravel":1,"minecraft:spruce_sapling":24,"minecraft:blast_furnace":2,"minecraft:white_bed":11,"minecraft:spruce_log":678,"minecraft:spider_eye":17,"minecraft:diamond_shovel":1,"minecraft:pumpkin_seeds":36,"minecraft:slime_ball":3,"minecraft:chainmail_leggings":3,"minecraft:iron_helmet":1,"minecraft:mossy_cobblestone_stairs":1,"tombstone:magic_scroll":4,"minecraft:baked_potato":1,"minecraft:black_wool":9,"minecraft:coal":69}},"DataVersion":3120}