{"stats":{"minecraft:custom":{"minecraft:interact_with_anvil":1,"minecraft:mob_kills":106,"minecraft:interact_with_crafting_table":36,"minecraft:leave_game":3,"minecraft:time_since_death":144765,"minecraft:climb_one_cm":6843,"minecraft:sprint_one_cm":609903,"minecraft:walk_one_cm":932929,"minecraft:damage_blocked_by_shield":4590,"minecraft:drop":108,"minecraft:play_time":291200,"minecraft:deaths":6,"minecraft:sneak_time":6999,"minecraft:walk_under_water_one_cm":28272,"minecraft:boat_one_cm":902591,"minecraft:interact_with_lectern":1,"minecraft:jump":3020,"minecraft:walk_on_water_one_cm":30406,"minecraft:total_world_time":291200,"minecraft:interact_with_furnace":43,"minecraft:tune_noteblock":2,"minecraft:interact_with_cartography_table":1,"minecraft:sleep_in_bed":9,"minecraft:time_since_rest":1721,"minecraft:damage_taken":5646,"minecraft:damage_absorbed":388,"minecraft:damage_dealt":13431,"minecraft:fly_one_cm":569868,"minecraft:swim_one_cm":63595,"minecraft:open_chest":188,"minecraft:crouch_one_cm":17990,"tombstone:undead_killed":51,"minecraft:fall_one_cm":48132},"minecraft:killed_by":{"minecraft:wither_skeleton":1,"minecraft:zombie":5},"minecraft:killed":{"minecraft:cave_spider":4,"minecraft:spider":15,"minecraft:skeleton":23,"minecraft:drowned":3,"minecraft:pig":11,"minecraft:zombie":17,"minecraft:stray":6,"minecraft:wither_skeleton":2,"minecraft:cow":22},"minecraft:dropped":{"minecraft:enchanted_book":1,"minecraft:iron_ingot":61,"minecraft:minecart":1,"minecraft:tnt":8,"minecraft:mossy_cobblestone":7,"minecraft:crafting_table":2,"minecraft:ender_pearl":8,"minecraft:glass_bottle":2,"tombstone:tablet_of_home":2,"minecraft:cooked_porkchop":5,"minecraft:cobblestone":128,"minecraft:lead":1,"minecraft:book":10,"minecraft:granite":38,"minecraft:mossy_stone_brick_stairs":3,"minecraft:saddle":1,"minecraft:copper_ingot":2,"minecraft:spruce_stairs":3,"minecraft:chainmail_helmet":2,"minecraft:emerald":5,"minecraft:polished_andesite":3,"minecraft:music_disc_13":1,"minecraft:stick":3,"minecraft:diamond_horse_armor":4,"minecraft:dirt":4,"minecraft:dark_oak_log":149,"minecraft:brewing_stand":2,"minecraft:torch":69,"minecraft:wooden_axe":1,"minecraft:potion":2,"minecraft:iron_leggings":2,"minecraft:gold_nugget":59,"minecraft:mossy_cobblestone_stairs":2,"minecraft:paper":6,"minecraft:redstone_block":1,"minecraft:gold_ingot":133,"minecraft:bone":2,"minecraft:gravel":21,"minecraft:stone_axe":1,"minecraft:sugar_cane":24,"minecraft:golden_chestplate":1,"minecraft:iron_nugget":4,"minecraft:stone_sword":1,"minecraft:cobbled_deepslate":122,"minecraft:raw_iron":15,"minecraft:rotten_flesh":6,"minecraft:oak_planks":64,"sophisticatedbackpacks:backpack":1,"minecraft:name_tag":3,"minecraft:white_bed":1,"minecraft:nether_bricks":62,"minecraft:filled_map":1,"minecraft:potato":18,"minecraft:tipped_arrow":3,"minecraft:shield":3,"minecraft:gunpowder":9,"minecraft:spruce_planks":22,"minecraft:charcoal":7,"minecraft:andesite":6,"minecraft:quartz_block":7,"minecraft:leather_leggings":1,"minecraft:stone_bricks":16,"minecraft:spider_eye":1,"tombstone:essence_of_undeath":1,"minecraft:slime_ball":10,"minecraft:spruce_log":44,"minecraft:iron_bars":19,"minecraft:nautilus_shell":1,"minecraft:stone_brick_stairs":6},"minecraft:mined":{"create:zinc_ore":1,"minecraft:spruce_planks":2,"minecraft:white_bed":3,"minecraft:mossy_cobblestone":1,"minecraft:dark_oak_log":98,"minecraft:brewing_stand":2,"minecraft:nether_bricks":1,"minecraft:granite":36,"minecraft:grass_block":1,"minecraft:coal_block":6,"minecraft:spruce_leaves":3,"minecraft:chiseled_stone_bricks":1,"minecraft:spawner":9,"minecraft:furnace":5,"minecraft:mossy_cobblestone_stairs":2,"minecraft:iron_ore":25,"minecraft:andesite":8,"minecraft:gold_block":1,"minecraft:mossy_stone_brick_stairs":1,"minecraft:potatoes":1,"minecraft:vine":3,"minecraft:iron_bars":20,"minecraft:stone":371,"minecraft:spruce_slab":1,"minecraft:podzol":2,"minecraft:redstone_block":5,"minecraft:quartz_block":7,"minecraft:red_wool":4,"minecraft:red_bed":12,"minecraft:soul_sand":5,"minecraft:powder_snow":3,"minecraft:crafting_table":13,"minecraft:torch":3,"minecraft:cobblestone":14,"minecraft:sugar_cane":8,"minecraft:wall_torch":1,"minecraft:air":85,"minecraft:spruce_stairs":3,"minecraft:ice":4,"minecraft:sweet_berry_bush":16,"minecraft:spruce_log":11,"minecraft:stone_brick_stairs":1,"minecraft:grass":9,"minecraft:coal_ore":13,"minecraft:gravel":2,"minecraft:sand":5,"minecraft:dirt":18,"minecraft:stone_bricks":5,"minecraft:polished_andesite":3,"minecraft:mossy_stone_bricks":1,"minecraft:oak_leaves":4,"minecraft:deepslate":122},"minecraft:broken":{"minecraft:stone_pickaxe":2,"minecraft:shield":1,"minecraft:stone_axe":1,"minecraft:wooden_axe":1},"minecraft:crafted":{"minecraft:coal":54,"minecraft:furnace":1,"minecraft:bone_meal":87,"minecraft:bow":1,"minecraft:iron_axe":1,"minecraft:stone_pickaxe":2,"minecraft:chest":5,"minecraft:spruce_boat":1,"sophisticatedbackpacks:iron_backpack":1,"sophisticatedbackpacks:backpack":2,"minecraft:cooked_porkchop":11,"minecraft:crafting_table":3,"minecraft:spruce_planks":204,"minecraft:wooden_pickaxe":1,"minecraft:baked_potato":134,"minecraft:iron_sword":1,"minecraft:red_bed":1,"sophisticatedbackpacks:gold_backpack":1,"minecraft:bucket":1,"minecraft:stone_axe":2,"minecraft:air":0,"minecraft:wooden_hoe":1,"minecraft:iron_chestplate":1,"minecraft:charcoal":6,"minecraft:stick":72,"minecraft:iron_ingot":7,"minecraft:iron_pickaxe":1,"minecraft:wooden_axe":2,"minecraft:torch":180},"minecraft:used":{"minecraft:trident":1,"minecraft:stone_sword":117,"minecraft:chest":3,"minecraft:spruce_planks":74,"minecraft:shield":84,"minecraft:iron_sword":180,"minecraft:iron_chestplate":1,"minecraft:torch":143,"minecraft:dirt":14,"minecraft:snowball":1,"minecraft:spruce_boat":2,"minecraft:wooden_axe":10,"minecraft:iron_axe":1,"minecraft:stone_bricks":8,"minecraft:bow":56,"minecraft:beef":18,"minecraft:sweet_berries":58,"minecraft:furnace":6,"minecraft:potato":18,"minecraft:cooked_beef":6,"minecraft:water_bucket":7,"minecraft:leather_leggings":1,"minecraft:baked_potato":25,"minecraft:stone_pickaxe":258,"minecraft:oak_planks":15,"minecraft:wooden_pickaxe":33,"minecraft:golden_apple":11,"minecraft:crafting_table":14,"minecraft:red_bed":11,"minecraft:white_bed":2,"minecraft:spruce_log":1,"minecraft:wooden_hoe":24,"minecraft:diamond_pickaxe":231,"minecraft:bread":1,"minecraft:iron_pickaxe":169,"tombstone:magic_scroll":2,"minecraft:stone_axe":154,"minecraft:diamond_sword":21,"minecraft:cobblestone":149,"minecraft:potion":2,"minecraft:chainmail_boots":1,"minecraft:cooked_porkchop":13,"minecraft:bucket":9,"minecraft:air":54,"minecraft:bone_meal":87},"minecraft:picked_up":{"minecraft:wooden_axe":1,"minecraft:charcoal":21,"minecraft:crafting_table":16,"minecraft:chainmail_boots":1,"minecraft:redstone_block":6,"minecraft:lead":1,"minecraft:leather_leggings":1,"tombstone:tablet_of_home":2,"minecraft:diamond_sword":1,"minecraft:gold_block":1,"minecraft:enchanted_book":1,"minecraft:diamond_horse_armor":4,"minecraft:potion":3,"minecraft:stone_brick_stairs":9,"minecraft:brewing_stand":4,"minecraft:shield":7,"minecraft:string":20,"minecraft:red_bed":11,"minecraft:iron_leggings":2,"minecraft:diamond_leggings":1,"minecraft:gold_nugget":59,"minecraft:cobbled_deepslate":236,"minecraft:spruce_planks":42,"minecraft:beef":29,"minecraft:iron_nugget":3,"minecraft:spruce_slab":1,"minecraft:minecart":1,"minecraft:coal_block":6,"minecraft:sugar_cane":45,"minecraft:furnace":5,"minecraft:tipped_arrow":7,"minecraft:dark_oak_sapling":5,"minecraft:raw_iron":46,"minecraft:stick":6,"minecraft:copper_ingot":2,"minecraft:torch":66,"minecraft:spruce_stairs":6,"minecraft:porkchop":16,"tombstone:grave_dust":1,"minecraft:trident":1,"minecraft:golden_chestplate":1,"minecraft:tnt":8,"minecraft:quartz_block":14,"minecraft:stone_sword":2,"minecraft:arrow":32,"minecraft:rotten_flesh":17,"minecraft:nether_bricks":63,"minecraft:saddle":1,"tombstone:essence_of_undeath":1,"minecraft:gold_ingot":130,"minecraft:iron_bars":53,"minecraft:cobblestone":455,"minecraft:nautilus_shell":1,"minecraft:cooked_beef":10,"minecraft:andesite":14,"minecraft:leather":24,"minecraft:potato":160,"create:raw_zinc":1,"minecraft:golden_boots":1,"minecraft:gunpowder":9,"minecraft:paper":6,"minecraft:dirt":22,"minecraft:name_tag":3,"minecraft:leather_boots":1,"minecraft:bone":27,"minecraft:apple":1,"minecraft:stone_bricks":25,"minecraft:bow":2,"minecraft:wheat_seeds":2,"minecraft:iron_ingot":59,"minecraft:oak_planks":38,"minecraft:soul_sand":5,"minecraft:mossy_stone_brick_stairs":6,"minecraft:book":10,"minecraft:cooked_porkchop":7,"minecraft:music_disc_13":1,"minecraft:sweet_berries":41,"minecraft:red_wool":4,"minecraft:gravel":39,"minecraft:sand":42,"minecraft:white_bed":3,"minecraft:spruce_log":196,"minecraft:leather_helmet":1,"minecraft:dark_oak_log":212,"minecraft:spider_eye":4,"minecraft:mossy_cobblestone":11,"minecraft:polished_andesite":6,"minecraft:slime_ball":10,"minecraft:spruce_boat":2,"minecraft:stone_axe":1,"minecraft:granite":74,"minecraft:mossy_cobblestone_stairs":4,"minecraft:emerald":5,"minecraft:chainmail_helmet":2,"tombstone:magic_scroll":2,"minecraft:black_wool":1,"minecraft:coal":30,"minecraft:ender_pearl":8}},"DataVersion":3120}