{"stats":{"minecraft:killed_by":{"minecraft:wither_skeleton":1,"minecraft:zombie":5,"minecraft:stray":1},"minecraft:killed":{"minecraft:cave_spider":4,"minecraft:spider":20,"minecraft:skeleton":29,"minecraft:silverfish":4,"minecraft:pig":11,"minecraft:zombie_villager":1,"minecraft:iron_golem":11,"minecraft:creeper":3,"minecraft:zombie":28,"minecraft:stray":10,"minecraft:cow":22,"minecraft:slime":9,"minecraft:drowned":3,"minecraft:wither_skeleton":5},"minecraft:dropped":{"minecraft:iron_sword":2,"minecraft:soul_sand":56,"minecraft:lapis_lazuli":7,"minecraft:cooked_beef":8,"minecraft:baked_potato":64,"minecraft:glass_bottle":3,"minecraft:ender_pearl":23,"minecraft:crafting_table":6,"minecraft:dark_oak_sapling":13,"minecraft:cooked_porkchop":5,"minecraft:lantern":100,"minecraft:leather":8,"minecraft:mossy_stone_brick_stairs":7,"minecraft:saddle":2,"sophisticatedbackpacks:gold_backpack":1,"minecraft:music_disc_13":2,"minecraft:emerald":12,"minecraft:gold_block":1,"minecraft:dirt":8,"minecraft:dark_oak_log":300,"minecraft:gold_nugget":118,"minecraft:sand":40,"minecraft:iron_pickaxe":1,"minecraft:fermented_spider_eye":5,"minecraft:fishing_rod":1,"minecraft:gold_ingot":694,"minecraft:bone":338,"minecraft:gravel":58,"minecraft:stone_axe":1,"minecraft:sugar_cane":48,"minecraft:mangrove_roots":9,"tombstone:scroll_of_aquatic_life":1,"minecraft:iron_nugget":4,"minecraft:cobbled_deepslate":298,"minecraft:golden_chestplate":1,"minecraft:obsidian":13,"minecraft:rotten_flesh":12,"minecraft:oak_planks":128,"minecraft:cooked_mutton":1,"minecraft:white_bed":1,"minecraft:poppy":3,"minecraft:tipped_arrow":3,"minecraft:trident":5,"minecraft:mangrove_log":1,"minecraft:gunpowder":26,"minecraft:charcoal":14,"minecraft:quartz_block":28,"minecraft:chest":10,"minecraft:leather_leggings":1,"minecraft:iron_bars":40,"minecraft:arrow":320,"minecraft:stone_brick_stairs":13,"minecraft:enchanted_book":3,"minecraft:iron_ingot":136,"minecraft:oak_slab":5,"minecraft:tnt":68,"minecraft:mossy_cobblestone":7,"tombstone:tablet_of_home":3,"minecraft:minecart":2,"minecraft:diamond_leggings":1,"minecraft:poisonous_potato":1,"minecraft:cobblestone":242,"minecraft:lead":3,"minecraft:book":77,"minecraft:apple":5,"minecraft:granite":76,"minecraft:copper_ingot":2,"minecraft:spruce_stairs":6,"minecraft:chainmail_helmet":3,"minecraft:coal":417,"minecraft:golden_apple":14,"minecraft:polished_andesite":3,"minecraft:stick":5,"minecraft:diamond_horse_armor":8,"minecraft:brewing_stand":14,"tombstone:magic_scroll":6,"minecraft:wooden_hoe":1,"minecraft:torch":69,"minecraft:wooden_axe":3,"minecraft:potion":6,"minecraft:iron_leggings":3,"minecraft:iron_axe":5,"minecraft:mossy_cobblestone_stairs":2,"minecraft:chainmail_leggings":1,"minecraft:paper":12,"minecraft:string":2,"minecraft:lily_pad":3,"minecraft:bucket":15,"minecraft:music_disc_cat":5,"minecraft:redstone_block":6,"minecraft:dandelion":1,"minecraft:furnace":2,"minecraft:moss_carpet":1,"minecraft:stone_sword":1,"minecraft:raw_iron":30,"sophisticatedbackpacks:backpack":2,"minecraft:name_tag":7,"minecraft:nether_bricks":186,"minecraft:spruce_fence":373,"minecraft:filled_map":1,"minecraft:potato":57,"minecraft:spruce_boat":2,"minecraft:shield":4,"minecraft:spruce_planks":26,"minecraft:andesite":6,"minecraft:golden_sword":1,"minecraft:stone_bricks":32,"minecraft:spider_eye":4,"tombstone:essence_of_undeath":1,"minecraft:spruce_log":80,"minecraft:slime_ball":34,"minecraft:stone_pickaxe":1,"minecraft:nautilus_shell":1},"minecraft:picked_up":{"minecraft:wooden_axe":4,"minecraft:chainmail_boots":1,"minecraft:redstone_block":16,"minecraft:diamond_sword":1,"tombstone:tablet_of_home":5,"minecraft:lead":6,"minecraft:brown_bed":3,"minecraft:potion":13,"minecraft:enchanted_book":6,"minecraft:stone_brick_stairs":28,"minecraft:brewing_stand":18,"minecraft:golden_sword":1,"minecraft:music_disc_cat":7,"minecraft:string":61,"minecraft:iron_leggings":6,"minecraft:experience_bottle":2,"minecraft:diamond_leggings":3,"minecraft:gold_nugget":236,"minecraft:cobbled_deepslate":684,"minecraft:bucket":18,"minecraft:spruce_planks":70,"minecraft:cobblestone_slab":13,"minecraft:iron_pickaxe":3,"minecraft:coal_block":11,"minecraft:furnace":11,"minecraft:mangrove_log":20,"minecraft:tipped_arrow":7,"minecraft:stick":202,"minecraft:torch":83,"minecraft:spruce_stairs":12,"minecraft:porkchop":16,"tombstone:grave_dust":2,"minecraft:golden_chestplate":1,"minecraft:quartz_block":92,"minecraft:stone_sword":2,"minecraft:rotten_flesh":26,"tombstone:scroll_of_aquatic_life":2,"minecraft:mangrove_roots":9,"minecraft:obsidian":39,"minecraft:iron_bars":121,"minecraft:cobblestone":924,"minecraft:nautilus_shell":1,"minecraft:cooked_beef":26,"minecraft:andesite":14,"minecraft:brown_wool":6,"minecraft:potato":252,"minecraft:flint":2,"create:raw_zinc":1,"minecraft:lapis_lazuli":14,"minecraft:dirt":1717,"minecraft:name_tag":17,"minecraft:leather_boots":1,"minecraft:bone":430,"minecraft:bow":5,"minecraft:wheat_seeds":42,"minecraft:oak_planks":303,"minecraft:mossy_stone_brick_stairs":13,"minecraft:cooked_porkchop":7,"minecraft:music_disc_13":4,"minecraft:axolotl_bucket":1,"minecraft:poisonous_potato":1,"minecraft:sand":1034,"minecraft:fermented_spider_eye":6,"minecraft:dark_oak_log":3706,"minecraft:mossy_cobblestone":11,"minecraft:polished_andesite":6,"minecraft:spruce_boat":16,"minecraft:granite":188,"minecraft:golden_apple":28,"minecraft:emerald":26,"minecraft:chainmail_helmet":5,"minecraft:oak_sapling":40,"minecraft:dark_oak_fence":1,"sophisticatedbackpacks:gold_backpack":1,"minecraft:fishing_rod":3,"minecraft:charcoal":42,"minecraft:crafting_table":33,"minecraft:leather_leggings":1,"minecraft:brown_mushroom":12,"minecraft:gold_block":6,"minecraft:diamond_horse_armor":16,"minecraft:shield":9,"minecraft:red_bed":13,"minecraft:moss_carpet":1,"minecraft:iron_axe":5,"minecraft:beef":29,"minecraft:poppy":6,"minecraft:iron_nugget":3,"minecraft:spruce_slab":1,"minecraft:minecart":7,"minecraft:sugar_cane":117,"minecraft:chest":19,"minecraft:egg":1,"minecraft:dark_oak_sapling":191,"minecraft:raw_iron":76,"minecraft:sandstone":19,"minecraft:copper_ingot":2,"minecraft:spruce_fence":1,"minecraft:trident":6,"minecraft:dark_oak_planks":16,"minecraft:tnt":97,"minecraft:arrow":427,"minecraft:nether_bricks":373,"tombstone:essence_of_undeath":1,"minecraft:saddle":4,"minecraft:gold_ingot":915,"minecraft:rail":54,"minecraft:white_wool":5,"minecraft:oxeye_daisy":2,"minecraft:glow_ink_sac":1,"minecraft:leather":40,"minecraft:oak_log":138,"minecraft:lily_pad":3,"minecraft:golden_boots":1,"minecraft:gunpowder":55,"minecraft:wooden_hoe":1,"minecraft:paper":24,"tombstone:gift":1,"minecraft:cooked_mutton":2,"minecraft:apple":28,"minecraft:stone_bricks":63,"minecraft:kelp":19,"minecraft:iron_ingot":219,"minecraft:glass_bottle":2,"minecraft:mangrove_planks":5,"minecraft:iron_sword":5,"minecraft:soul_sand":117,"minecraft:book":99,"minecraft:oak_slab":9,"minecraft:sweet_berries":41,"minecraft:red_wool":4,"minecraft:dandelion":1,"minecraft:gravel":132,"minecraft:lava_bucket":1,"minecraft:spruce_sapling":89,"minecraft:white_bed":4,"minecraft:spruce_log":987,"minecraft:spider_eye":7,"minecraft:leather_helmet":1,"minecraft:slime_ball":79,"minecraft:stone_axe":1,"minecraft:chainmail_leggings":1,"minecraft:mossy_cobblestone_stairs":4,"minecraft:baked_potato":118,"tombstone:magic_scroll":9,"minecraft:black_wool":1,"minecraft:coal":589,"minecraft:hopper":10,"minecraft:ender_pearl":38},"minecraft:used":{"minecraft:oak_sign":10,"minecraft:chest":34,"minecraft:shield":156,"minecraft:iron_sword":181,"minecraft:iron_chestplate":1,"minecraft:snowball":1,"minecraft:spruce_boat":12,"minecraft:glass":152,"minecraft:lava_bucket":25,"minecraft:dark_oak_slab":9,"minecraft:stone_bricks":14,"minecraft:golden_sword":3,"minecraft:bow":56,"minecraft:sweet_berries":58,"minecraft:furnace":10,"minecraft:egg":5,"minecraft:potato":74,"minecraft:leather_leggings":1,"minecraft:stone_pickaxe":258,"minecraft:mangrove_planks":1,"minecraft:oak_planks":184,"minecraft:ender_pearl":1,"minecraft:wooden_pickaxe":33,"minecraft:sandstone":3,"minecraft:composter":2,"minecraft:diamond_axe":1473,"minecraft:golden_apple":14,"minecraft:sand":4,"minecraft:bread":1,"minecraft:gravel":21,"minecraft:diamond_sword":186,"minecraft:chainmail_boots":1,"minecraft:dark_oak_fence":25,"minecraft:air":59,"minecraft:bone_meal":255,"minecraft:trident":1,"minecraft:stone_sword":117,"minecraft:spruce_planks":211,"minecraft:torch":286,"minecraft:dirt":127,"minecraft:hopper":16,"minecraft:spruce_stairs":1,"minecraft:dark_oak_planks":40,"minecraft:wooden_axe":99,"minecraft:iron_axe":2581,"minecraft:beef":18,"minecraft:minecart":3,"tombstone:gift":1,"minecraft:cooked_beef":6,"minecraft:cobbled_deepslate":158,"minecraft:brown_bed":3,"minecraft:cooked_mutton":1,"minecraft:water_bucket":43,"minecraft:baked_potato":97,"minecraft:cobblestone_slab":247,"minecraft:rail":95,"minecraft:oak_slab":21,"minecraft:crafting_table":23,"minecraft:red_bed":14,"minecraft:white_bed":12,"minecraft:spruce_log":1,"minecraft:wooden_hoe":103,"minecraft:diamond_pickaxe":662,"minecraft:diamond_shovel":758,"minecraft:iron_pickaxe":169,"tombstone:magic_scroll":2,"minecraft:spruce_trapdoor":2,"minecraft:spruce_sapling":52,"minecraft:stone_axe":154,"minecraft:cobblestone":214,"minecraft:potion":3,"minecraft:cooked_porkchop":13,"minecraft:bucket":71},"minecraft:mined":{"minecraft:dark_oak_planks":18,"minecraft:spruce_planks":22,"minecraft:white_bed":4,"minecraft:farmland":5,"minecraft:mossy_stone_brick_slab":1,"minecraft:brewing_stand":2,"minecraft:granite":36,"minecraft:grass_block":335,"minecraft:coal_block":11,"minecraft:hopper":1,"minecraft:oak_wall_sign":1,"minecraft:chiseled_stone_bricks":2,"minecraft:spawner":37,"minecraft:mossy_cobblestone_stairs":3,"minecraft:iron_ore":25,"minecraft:cobbled_deepslate":94,"minecraft:brown_bed":3,"minecraft:iron_bars":30,"minecraft:spruce_slab":1,"minecraft:quartz_block":29,"minecraft:red_bed":14,"minecraft:powder_snow":3,"minecraft:torch":3,"minecraft:chest":17,"minecraft:mushroom_stem":5,"minecraft:glass":12,"minecraft:cobblestone":19,"minecraft:oak_planks":163,"minecraft:sugar_cane":8,"minecraft:wall_torch":1,"minecraft:stone_brick_stairs":3,"minecraft:grass":24,"minecraft:oak_log":103,"minecraft:sand":401,"minecraft:dirt":37,"minecraft:mangrove_log":15,"minecraft:red_mushroom_block":1,"minecraft:oak_leaves":7,"minecraft:deepslate":122,"create:zinc_ore":1,"minecraft:mossy_cobblestone":2,"minecraft:dark_oak_log":2135,"minecraft:mangrove_roots":13,"minecraft:nether_bricks":1,"minecraft:dark_oak_fence":1,"minecraft:brown_mushroom_block":45,"minecraft:spruce_leaves":3,"minecraft:sandstone":16,"minecraft:furnace":7,"minecraft:andesite":8,"minecraft:gold_block":3,"minecraft:mossy_stone_brick_stairs":2,"minecraft:potatoes":34,"minecraft:rail":55,"minecraft:cobblestone_slab":26,"minecraft:vine":5,"minecraft:stone":525,"minecraft:podzol":2,"minecraft:oak_slab":12,"minecraft:redstone_block":5,"minecraft:red_wool":4,"minecraft:soul_sand":5,"minecraft:crafting_table":22,"minecraft:tall_grass":2,"minecraft:air":1028,"minecraft:spruce_stairs":3,"minecraft:sweet_berry_bush":16,"minecraft:ice":4,"minecraft:spruce_log":635,"minecraft:mangrove_planks":1,"minecraft:coal_ore":13,"minecraft:gravel":18,"minecraft:polished_andesite":3,"minecraft:stone_bricks":10,"minecraft:mossy_stone_bricks":2},"minecraft:custom":{"minecraft:interact_with_crafting_table":75,"minecraft:leave_game":4,"minecraft:time_since_death":309642,"minecraft:sprint_one_cm":1392300,"minecraft:damage_blocked_by_shield":8310,"minecraft:drop":325,"minecraft:talked_to_villager":5,"minecraft:play_time":647784,"minecraft:deaths":7,"minecraft:jump":6941,"minecraft:walk_on_water_one_cm":163718,"minecraft:interact_with_furnace":74,"minecraft:interact_with_cartography_table":1,"minecraft:sleep_in_bed":29,"minecraft:damage_dealt":24162,"minecraft:player_kills":1,"minecraft:crouch_one_cm":124291,"tombstone:undead_killed":76,"minecraft:mob_kills":166,"minecraft:interact_with_anvil":5,"minecraft:inspect_hopper":5,"minecraft:climb_one_cm":11010,"minecraft:walk_one_cm":2048779,"minecraft:sneak_time":37962,"minecraft:walk_under_water_one_cm":41912,"minecraft:boat_one_cm":2371070,"minecraft:interact_with_lectern":1,"minecraft:total_world_time":647784,"minecraft:tune_noteblock":2,"minecraft:time_since_rest":38,"minecraft:damage_taken":8206,"minecraft:damage_absorbed":468,"minecraft:minecart_one_cm":408,"minecraft:swim_one_cm":217195,"minecraft:fly_one_cm":1327385,"minecraft:open_chest":446,"minecraft:fall_one_cm":105562},"minecraft:crafted":{"minecraft:oak_planks":552,"minecraft:oak_sign":9,"minecraft:cobblestone_slab":234,"minecraft:hopper":6,"minecraft:glass":187,"minecraft:bow":1,"minecraft:iron_boots":1,"minecraft:chest":62,"minecraft:rail":128,"minecraft:oak_fence":15,"minecraft:oak_slab":24,"sophisticatedbackpacks:backpack":4,"minecraft:cooked_porkchop":11,"minecraft:diamond_axe":1,"minecraft:crafting_table":6,"minecraft:spruce_planks":1716,"minecraft:wooden_pickaxe":1,"minecraft:baked_potato":134,"minecraft:iron_helmet":1,"minecraft:brown_bed":2,"minecraft:spruce_trapdoor":2,"minecraft:dark_oak_slab":12,"minecraft:wooden_hoe":2,"minecraft:iron_chestplate":1,"minecraft:charcoal":6,"minecraft:stick":640,"minecraft:iron_ingot":16,"minecraft:iron_pickaxe":1,"minecraft:composter":2,"minecraft:shears":1,"minecraft:coal":99,"minecraft:iron_nugget":882,"minecraft:furnace":19,"minecraft:bone_meal":255,"minecraft:spruce_fence":372,"minecraft:lantern":100,"minecraft:dark_oak_fence":51,"minecraft:iron_axe":12,"minecraft:spruce_slab":12,"minecraft:stone_pickaxe":2,"minecraft:spruce_boat":1,"minecraft:dark_oak_planks":572,"sophisticatedbackpacks:iron_backpack":2,"minecraft:iron_sword":1,"minecraft:red_bed":1,"sophisticatedbackpacks:gold_backpack":2,"minecraft:mangrove_planks":4,"minecraft:bucket":5,"minecraft:stone_axe":2,"minecraft:air":0,"minecraft:white_wool":22,"minecraft:wooden_axe":3,"minecraft:white_bed":9,"minecraft:torch":300},"minecraft:broken":{"minecraft:chainmail_boots":1,"minecraft:stone_pickaxe":2,"minecraft:stone_axe":1,"minecraft:wooden_axe":2,"minecraft:shield":1,"minecraft:diamond_axe":1,"minecraft:iron_axe":10,"minecraft:iron_helmet":1,"minecraft:wooden_hoe":1}},"DataVersion":3120}