{"stats":{"minecraft:dropped":{"minecraft:iron_sword":2,"minecraft:soul_sand":56,"minecraft:lapis_lazuli":7,"minecraft:cooked_beef":8,"minecraft:baked_potato":64,"minecraft:ender_pearl":23,"minecraft:glass_bottle":3,"minecraft:crafting_table":6,"minecraft:dark_oak_sapling":13,"minecraft:cooked_porkchop":5,"minecraft:lantern":100,"minecraft:leather":8,"minecraft:mossy_stone_brick_stairs":7,"minecraft:saddle":2,"minecraft:emerald":12,"minecraft:music_disc_13":2,"sophisticatedbackpacks:gold_backpack":1,"minecraft:gold_block":1,"minecraft:dirt":8,"minecraft:dark_oak_log":300,"minecraft:gold_nugget":118,"minecraft:sand":42,"minecraft:iron_pickaxe":1,"minecraft:fermented_spider_eye":5,"minecraft:fishing_rod":1,"minecraft:gold_ingot":694,"minecraft:bone":340,"minecraft:gravel":58,"minecraft:stone_axe":1,"minecraft:sugar_cane":48,"minecraft:mangrove_roots":9,"minecraft:iron_nugget":4,"tombstone:scroll_of_aquatic_life":1,"minecraft:golden_chestplate":1,"minecraft:cobbled_deepslate":298,"minecraft:obsidian":13,"minecraft:rotten_flesh":12,"minecraft:oak_planks":128,"minecraft:diamond_shovel":1,"minecraft:cooked_mutton":1,"minecraft:white_bed":1,"minecraft:poppy":3,"minecraft:tipped_arrow":3,"minecraft:mangrove_log":1,"minecraft:trident":5,"minecraft:gunpowder":26,"minecraft:charcoal":14,"minecraft:quartz_block":28,"minecraft:chest":10,"minecraft:leather_leggings":1,"minecraft:spruce_slab":84,"minecraft:iron_bars":40,"minecraft:arrow":320,"minecraft:stone_brick_stairs":13,"minecraft:enchanted_book":4,"minecraft:iron_ingot":136,"minecraft:oak_slab":5,"minecraft:tnt":68,"minecraft:mossy_cobblestone":7,"tombstone:tablet_of_home":3,"minecraft:minecart":2,"minecraft:diamond_leggings":1,"minecraft:poisonous_potato":1,"minecraft:cobblestone":242,"minecraft:lead":3,"minecraft:book":77,"minecraft:apple":5,"minecraft:granite":76,"minecraft:copper_ingot":2,"minecraft:spruce_stairs":6,"minecraft:chainmail_helmet":3,"minecraft:coal":417,"minecraft:golden_apple":14,"minecraft:stick":5,"minecraft:polished_andesite":3,"minecraft:diamond_horse_armor":8,"minecraft:brewing_stand":14,"tombstone:magic_scroll":6,"minecraft:wooden_hoe":1,"minecraft:torch":69,"minecraft:wooden_axe":3,"minecraft:potion":6,"minecraft:iron_leggings":3,"minecraft:iron_axe":5,"minecraft:mossy_cobblestone_stairs":2,"sophisticatedbackpacks:crafting_upgrade":1,"minecraft:chainmail_leggings":1,"minecraft:paper":12,"minecraft:string":2,"minecraft:lily_pad":3,"minecraft:bucket":15,"minecraft:music_disc_cat":5,"minecraft:redstone_block":6,"minecraft:dandelion":1,"minecraft:furnace":2,"minecraft:moss_carpet":1,"minecraft:stone_sword":1,"minecraft:raw_iron":30,"sophisticatedbackpacks:backpack":2,"minecraft:name_tag":7,"minecraft:nether_bricks":186,"minecraft:spruce_fence":373,"minecraft:filled_map":1,"minecraft:potato":57,"torchmaster:megatorch":1,"minecraft:spruce_boat":2,"minecraft:shield":4,"minecraft:spruce_planks":26,"minecraft:andesite":6,"minecraft:golden_sword":1,"minecraft:spider_eye":4,"minecraft:stone_bricks":32,"tombstone:essence_of_undeath":1,"minecraft:spruce_log":208,"minecraft:slime_ball":34,"minecraft:stone_pickaxe":1,"minecraft:nautilus_shell":1},"minecraft:crafted":{"minecraft:oak_planks":680,"minecraft:cobblestone_slab":234,"minecraft:oak_sign":9,"minecraft:lever":1,"sophisticatedbackpacks:crafting_upgrade":2,"minecraft:glass":215,"minecraft:hopper":6,"minecraft:stone_brick_slab":64,"minecraft:bow":1,"minecraft:iron_boots":1,"minecraft:chest":62,"minecraft:rail":128,"minecraft:oak_fence":15,"minecraft:oak_slab":24,"minecraft:emerald":71,"sophisticatedbackpacks:backpack":4,"minecraft:cooked_porkchop":11,"minecraft:diamond_axe":1,"minecraft:crafting_table":7,"minecraft:spruce_planks":2092,"minecraft:iron_helmet":1,"minecraft:wooden_pickaxe":1,"minecraft:baked_potato":182,"minecraft:smithing_table":1,"minecraft:brown_bed":2,"sophisticatedbackpacks:upgrade_base":3,"minecraft:spruce_trapdoor":4,"minecraft:dark_oak_slab":60,"minecraft:iron_chestplate":1,"minecraft:wooden_hoe":2,"minecraft:diamond_pickaxe":1,"minecraft:charcoal":6,"minecraft:stone_slab":64,"minecraft:stick":2688,"minecraft:iron_ingot":16,"minecraft:iron_pickaxe":1,"minecraft:composter":2,"minecraft:shears":2,"minecraft:coal":99,"minecraft:stone_brick_wall":34,"minecraft:tripwire_hook":2,"minecraft:iron_nugget":882,"minecraft:furnace":19,"minecraft:bone_meal":255,"minecraft:spruce_fence":372,"minecraft:lantern":100,"minecraft:dark_oak_fence":54,"minecraft:iron_axe":17,"minecraft:spruce_slab":12,"minecraft:stone_pickaxe":2,"minecraft:spruce_boat":1,"minecraft:dark_oak_planks":1852,"sophisticatedbackpacks:iron_backpack":2,"minecraft:iron_sword":1,"minecraft:red_bed":1,"sophisticatedbackpacks:gold_backpack":2,"minecraft:mangrove_planks":4,"minecraft:bucket":5,"minecraft:stone_axe":2,"minecraft:air":0,"minecraft:white_wool":22,"minecraft:wooden_axe":3,"minecraft:iron_shovel":1,"minecraft:stonecutter":1,"minecraft:white_bed":9,"minecraft:torch":500},"minecraft:killed_by":{"minecraft:wither_skeleton":1,"minecraft:creeper":1,"minecraft:zombie":5,"minecraft:stray":1},"minecraft:custom":{"minecraft:interact_with_crafting_table":92,"minecraft:leave_game":9,"minecraft:time_since_death":188817,"minecraft:sprint_one_cm":1803712,"minecraft:damage_blocked_by_shield":8310,"minecraft:drop":336,"minecraft:talked_to_villager":22,"minecraft:play_time":960089,"minecraft:deaths":8,"minecraft:jump":9729,"minecraft:walk_on_water_one_cm":191517,"minecraft:interact_with_furnace":86,"minecraft:traded_with_villager":72,"minecraft:interact_with_cartography_table":1,"minecraft:sleep_in_bed":45,"minecraft:damage_dealt":28428,"minecraft:player_kills":1,"minecraft:crouch_one_cm":258811,"tombstone:undead_killed":90,"minecraft:interact_with_anvil":6,"minecraft:mob_kills":203,"minecraft:inspect_hopper":7,"minecraft:climb_one_cm":11580,"minecraft:walk_one_cm":3260247,"minecraft:sneak_time":70369,"minecraft:walk_under_water_one_cm":42639,"minecraft:boat_one_cm":2371070,"minecraft:interact_with_lectern":1,"minecraft:total_world_time":960089,"minecraft:tune_noteblock":2,"minecraft:interact_with_stonecutter":13,"minecraft:time_since_rest":86500,"minecraft:damage_absorbed":468,"minecraft:damage_taken":9345,"minecraft:minecart_one_cm":408,"minecraft:swim_one_cm":219379,"minecraft:fly_one_cm":1969168,"minecraft:open_chest":525,"minecraft:fall_one_cm":138472},"minecraft:killed":{"minecraft:cave_spider":4,"minecraft:spider":22,"minecraft:skeleton":32,"minecraft:silverfish":4,"minecraft:pig":11,"minecraft:zombie_villager":1,"minecraft:iron_golem":11,"minecraft:creeper":9,"minecraft:zombie":39,"minecraft:stray":10,"minecraft:cow":22,"minecraft:slime":24,"minecraft:drowned":3,"minecraft:wither_skeleton":5,"minecraft:enderman":1},"minecraft:used":{"minecraft:iron_shovel":504,"minecraft:spruce_slab":22,"minecraft:stone":64,"minecraft:oak_sign":10,"minecraft:chest":39,"minecraft:shield":156,"minecraft:iron_sword":181,"minecraft:iron_chestplate":1,"minecraft:snowball":1,"minecraft:spruce_boat":13,"minecraft:glass":152,"minecraft:lava_bucket":25,"minecraft:dark_oak_slab":118,"minecraft:stone_brick_stairs":149,"minecraft:stone_bricks":852,"minecraft:golden_sword":3,"minecraft:bow":56,"minecraft:sweet_berries":58,"minecraft:furnace":10,"minecraft:egg":5,"minecraft:potato":80,"minecraft:dark_oak_stairs":19,"minecraft:leather_leggings":1,"minecraft:stripped_birch_log":4,"minecraft:oak_planks":222,"minecraft:stone_pickaxe":258,"minecraft:mangrove_planks":1,"minecraft:ender_pearl":1,"minecraft:wooden_pickaxe":33,"minecraft:sandstone":3,"minecraft:composter":2,"minecraft:sugar_cane":16,"minecraft:diamond_axe":1473,"minecraft:golden_apple":14,"minecraft:sand":46,"minecraft:stone_brick_wall":100,"minecraft:shears":13,"minecraft:lever":2,"minecraft:dark_oak_log":65,"minecraft:bread":1,"minecraft:string":34,"minecraft:gravel":23,"minecraft:diamond_sword":242,"minecraft:chainmail_boots":1,"minecraft:smithing_table":1,"minecraft:dark_oak_fence":28,"minecraft:birch_log":5,"minecraft:air":59,"minecraft:bone_meal":255,"minecraft:cobweb":20,"minecraft:trident":1,"minecraft:stone_sword":117,"minecraft:spruce_planks":360,"minecraft:torch":452,"minecraft:dirt":1158,"minecraft:hopper":16,"minecraft:spruce_stairs":1,"minecraft:stone_brick_slab":553,"minecraft:dark_oak_planks":72,"minecraft:wooden_axe":99,"minecraft:iron_axe":3854,"minecraft:tripwire_hook":4,"minecraft:beef":18,"minecraft:minecart":3,"torchmaster:megatorch":5,"tombstone:gift":1,"minecraft:cooked_beef":6,"minecraft:cobbled_deepslate":158,"minecraft:brown_bed":4,"minecraft:cooked_mutton":1,"minecraft:water_bucket":60,"minecraft:cobblestone_stairs":8,"minecraft:birch_planks":18,"minecraft:baked_potato":140,"minecraft:stonecutter":2,"minecraft:cobblestone_slab":283,"minecraft:rail":95,"minecraft:oak_slab":21,"minecraft:crafting_table":23,"minecraft:red_bed":14,"minecraft:white_bed":12,"minecraft:spruce_log":59,"minecraft:oak_log":36,"minecraft:wooden_hoe":103,"minecraft:diamond_pickaxe":2954,"minecraft:diamond_shovel":2444,"minecraft:iron_pickaxe":233,"minecraft:stone_slab":332,"tombstone:magic_scroll":2,"minecraft:spruce_trapdoor":6,"minecraft:spruce_sapling":84,"minecraft:stone_axe":154,"minecraft:cobblestone":219,"minecraft:potion":3,"minecraft:cooked_porkchop":13,"minecraft:bucket":89,"minecraft:stripped_oak_log":12},"minecraft:mined":{"minecraft:dark_oak_planks":19,"minecraft:spruce_planks":85,"minecraft:white_bed":4,"minecraft:farmland":5,"minecraft:mossy_stone_brick_slab":1,"minecraft:cobblestone_stairs":8,"minecraft:brewing_stand":2,"minecraft:spruce_trapdoor":2,"minecraft:granite":66,"minecraft:stone_brick_wall":4,"minecraft:grass_block":1732,"minecraft:coal_block":11,"minecraft:hopper":1,"minecraft:oak_wall_sign":1,"minecraft:chiseled_stone_bricks":2,"minecraft:spawner":37,"minecraft:mossy_cobblestone_stairs":3,"minecraft:iron_ore":25,"minecraft:cobbled_deepslate":94,"minecraft:brown_bed":3,"minecraft:dirt_path":2,"minecraft:iron_bars":30,"create:veridium":1,"minecraft:spruce_slab":1,"minecraft:tripwire":16,"minecraft:quartz_block":29,"minecraft:red_bed":14,"minecraft:powder_snow":3,"minecraft:torch":22,"minecraft:chest":17,"minecraft:mushroom_stem":5,"minecraft:glass":12,"minecraft:cobblestone":24,"minecraft:oak_planks":165,"minecraft:sugar_cane":16,"minecraft:wall_torch":12,"minecraft:seagrass":1,"minecraft:dark_oak_slab":4,"minecraft:birch_log":109,"minecraft:stone_brick_stairs":37,"minecraft:grass":52,"minecraft:oak_log":327,"minecraft:sand":1064,"minecraft:dirt":233,"minecraft:mangrove_log":15,"minecraft:stonecutter":1,"minecraft:red_mushroom_block":1,"minecraft:oak_leaves":12,"minecraft:deepslate":122,"create:zinc_ore":1,"minecraft:mossy_cobblestone":2,"minecraft:stripped_birch_log":4,"minecraft:dark_oak_log":2135,"minecraft:mangrove_roots":13,"torchmaster:megatorch":3,"minecraft:nether_bricks":1,"minecraft:dark_oak_fence":1,"minecraft:brown_mushroom_block":45,"minecraft:spruce_leaves":6,"minecraft:sandstone":16,"minecraft:furnace":7,"minecraft:andesite":9,"minecraft:gold_block":3,"minecraft:mossy_stone_brick_stairs":2,"minecraft:potatoes":34,"minecraft:cobblestone_slab":62,"minecraft:vine":5,"minecraft:rail":55,"minecraft:stripped_oak_log":12,"minecraft:stone":2323,"minecraft:podzol":2,"minecraft:oak_slab":12,"minecraft:redstone_block":5,"minecraft:red_wool":4,"minecraft:soul_sand":5,"minecraft:stone_brick_slab":88,"minecraft:crafting_table":22,"minecraft:stone_slab":59,"minecraft:copper_ore":1,"minecraft:tall_grass":2,"minecraft:diorite":200,"minecraft:air":1164,"minecraft:spruce_stairs":3,"minecraft:birch_planks":4,"minecraft:sweet_berry_bush":16,"minecraft:ice":4,"minecraft:spruce_log":1163,"minecraft:mangrove_planks":1,"minecraft:coal_ore":20,"minecraft:gravel":22,"minecraft:cobweb":2,"minecraft:polished_andesite":3,"minecraft:stone_bricks":89,"minecraft:mossy_stone_bricks":2},"minecraft:broken":{"minecraft:iron_shovel":1,"minecraft:chainmail_boots":1,"minecraft:stone_pickaxe":2,"minecraft:diamond_shovel":1,"minecraft:stone_axe":1,"minecraft:wooden_axe":2,"minecraft:shield":1,"minecraft:diamond_axe":1,"minecraft:iron_axe":15,"minecraft:iron_helmet":1,"minecraft:wooden_hoe":1},"minecraft:picked_up":{"minecraft:wooden_axe":4,"minecraft:redstone_block":16,"minecraft:chainmail_boots":1,"minecraft:stone_slab":33,"tombstone:tablet_of_home":5,"minecraft:lead":6,"minecraft:diamond_sword":1,"minecraft:brown_bed":3,"minecraft:potion":13,"minecraft:enchanted_book":7,"minecraft:stone_brick_stairs":61,"minecraft:brewing_stand":18,"minecraft:golden_sword":1,"minecraft:music_disc_cat":7,"minecraft:string":124,"minecraft:iron_leggings":6,"minecraft:experience_bottle":2,"minecraft:diamond_leggings":3,"minecraft:gold_nugget":236,"minecraft:cobbled_deepslate":684,"minecraft:bucket":18,"minecraft:spruce_planks":133,"minecraft:cobblestone_slab":49,"minecraft:iron_pickaxe":3,"minecraft:coal_block":11,"minecraft:mangrove_log":20,"minecraft:furnace":11,"minecraft:tipped_arrow":7,"minecraft:stick":308,"minecraft:torch":129,"minecraft:spruce_stairs":12,"minecraft:porkchop":16,"tombstone:grave_dust":2,"minecraft:diorite":192,"minecraft:golden_chestplate":1,"minecraft:quartz_block":92,"minecraft:stone_sword":2,"minecraft:rotten_flesh":33,"tombstone:scroll_of_aquatic_life":2,"minecraft:mangrove_roots":9,"minecraft:obsidian":39,"minecraft:iron_bars":121,"minecraft:cobblestone":993,"minecraft:nautilus_shell":1,"minecraft:birch_log":157,"minecraft:cooked_beef":26,"minecraft:andesite":14,"minecraft:brown_wool":6,"minecraft:potato":323,"minecraft:flint":3,"create:raw_zinc":1,"minecraft:stripped_birch_log":4,"minecraft:lapis_lazuli":14,"minecraft:dirt":3236,"minecraft:name_tag":17,"minecraft:leather_boots":1,"minecraft:bone":436,"minecraft:stonecutter":1,"minecraft:bow":5,"minecraft:wheat_seeds":46,"minecraft:oak_planks":305,"minecraft:mossy_stone_brick_stairs":13,"minecraft:cooked_porkchop":7,"minecraft:music_disc_13":4,"torchmaster:megatorch":4,"minecraft:axolotl_bucket":1,"minecraft:poisonous_potato":1,"minecraft:sand":1695,"minecraft:grass_block":1,"minecraft:fermented_spider_eye":6,"minecraft:dark_oak_log":3707,"minecraft:mossy_cobblestone":11,"minecraft:bundle":1,"minecraft:polished_andesite":6,"minecraft:spruce_boat":17,"minecraft:lever":1,"minecraft:granite":218,"minecraft:golden_apple":28,"minecraft:chainmail_helmet":5,"minecraft:emerald":26,"minecraft:oak_sapling":118,"minecraft:dark_oak_fence":1,"sophisticatedbackpacks:gold_backpack":1,"minecraft:fishing_rod":3,"minecraft:charcoal":42,"minecraft:crafting_table":33,"minecraft:leather_leggings":1,"minecraft:brown_mushroom":12,"minecraft:stone_brick_wall":4,"minecraft:gold_block":6,"minecraft:diamond_horse_armor":16,"minecraft:shield":9,"minecraft:red_bed":13,"minecraft:moss_carpet":1,"minecraft:iron_axe":5,"minecraft:iron_shovel":3,"minecraft:beef":29,"minecraft:iron_nugget":3,"minecraft:poppy":6,"minecraft:spruce_slab":43,"minecraft:chest":19,"minecraft:minecart":7,"minecraft:sugar_cane":133,"minecraft:birch_sapling":27,"minecraft:spruce_trapdoor":2,"minecraft:egg":2,"minecraft:dark_oak_sapling":191,"minecraft:raw_iron":76,"minecraft:sandstone":19,"minecraft:stone":2243,"minecraft:copper_ingot":2,"minecraft:spruce_fence":1,"minecraft:trident":6,"minecraft:dark_oak_planks":18,"minecraft:tnt":97,"minecraft:arrow":430,"minecraft:nether_bricks":373,"tombstone:essence_of_undeath":1,"minecraft:saddle":4,"minecraft:gold_ingot":915,"minecraft:rail":54,"minecraft:white_wool":5,"minecraft:oxeye_daisy":2,"minecraft:stripped_oak_log":12,"minecraft:tripwire_hook":2,"minecraft:glow_ink_sac":1,"minecraft:leather":43,"minecraft:birch_planks":4,"minecraft:oak_log":444,"minecraft:lily_pad":3,"minecraft:golden_boots":1,"minecraft:gunpowder":62,"minecraft:cobblestone_stairs":8,"minecraft:wooden_hoe":1,"minecraft:paper":24,"tombstone:gift":1,"minecraft:cooked_mutton":2,"minecraft:apple":30,"minecraft:stone_bricks":139,"minecraft:kelp":19,"minecraft:iron_ingot":361,"minecraft:cobweb":20,"minecraft:glass_bottle":2,"minecraft:mangrove_planks":5,"minecraft:iron_sword":5,"minecraft:soul_sand":117,"minecraft:book":99,"minecraft:oak_slab":9,"minecraft:dark_oak_slab":3,"minecraft:sweet_berries":41,"minecraft:stone_brick_slab":61,"minecraft:red_wool":4,"minecraft:dandelion":1,"minecraft:gravel":135,"minecraft:lava_bucket":1,"minecraft:spruce_sapling":168,"minecraft:white_bed":4,"minecraft:spruce_log":1808,"minecraft:spider_eye":7,"minecraft:leather_helmet":1,"minecraft:coal_ore":7,"minecraft:diamond_shovel":3,"minecraft:slime_ball":101,"minecraft:stone_axe":1,"minecraft:chainmail_leggings":1,"minecraft:mossy_cobblestone_stairs":4,"tombstone:magic_scroll":9,"minecraft:baked_potato":118,"minecraft:black_wool":1,"minecraft:coal":589,"minecraft:hopper":10,"minecraft:ender_pearl":39}},"DataVersion":3120}